Player,Age,Ast,xAG,xG,Gls,MP,Min,Nation,PK,Pos,CrdR,Starts,Team,CrdY
David Raya,30-118,0,0.1,0,0,21,1890,es ESP,0,GK,0,21,Arsenal,1
Martín Zubimendi,26-343,1,1.1,1.9,3,21,1769,es ESP,0,MF,0,20,Arsenal,4
Declan Rice,26-362,3,3.5,2.5,4,20,1696,eng ENG,0,MF,0,19,Arsenal,1
Jurriën Timber,24-208,3,1.1,4,2,20,1641,nl NED,0,DF,0,18,Arsenal,2
Bukayo Saka,24-128,3,4.9,5.3,4,19,1422,eng ENG,1,FW,0,16,Arsenal,1
William Saliba,24-293,0,0.2,0.3,0,17,1354,fr FRA,0,DF,0,16,Arsenal,0
Viktor Gyökeres,27-221,0,1.2,6.4,5,19,1290,se SWE,2,FW,0,16,Arsenal,3
Riccardo Calafiori,23-237,2,0.5,2.5,1,16,1255,it ITA,0,DF,0,16,Arsenal,5
Gabriel Magalhães,28-023,2,1.4,1.6,3,15,1266,br BRA,0,DF,0,14,Arsenal,1
Leandro Trossard,31-038,4,2.2,4,5,17,1131,be BEL,0,FW,0,12,Arsenal,1
Eberechi Eze,27-196,2,1.2,2.3,4,15,923,eng ENG,0,"MF,FW",0,11,Arsenal,0
Martin Ødegaard,27-025,3,2.4,0.9,1,15,874,no NOR,0,MF,0,11,Arsenal,0
Mikel Merino,29-203,3,1.4,2.1,3,19,940,es ESP,0,"MF,FW",0,10,Arsenal,1
Piero Hincapié,24-002,0,0.7,0,0,12,891,ec ECU,0,DF,0,10,Arsenal,2
Noni Madueke,23-307,0,1.4,0.5,0,12,510,eng ENG,0,FW,0,6,Arsenal,0
Gabriel Martinelli,24-207,0,0.3,2.1,1,16,510,br BRA,0,FW,0,6,Arsenal,2
Cristhian Mosquera,21-198,0,0.1,0,0,10,433,es ESP,0,DF,0,4,Arsenal,1
Ben White,28-095,1,0.8,0.4,0,5,288,eng ENG,0,DF,0,4,Arsenal,0
Myles Lewis-Skelly,19-107,0,0.1,0.1,0,14,321,eng ENG,0,DF,0,1,Arsenal,3
Ethan Nwaneri,18-296,0,0,0.2,0,6,171,eng ENG,0,MF,0,0,Arsenal,0
Gabriel Jesus,28-283,0,0,0.5,1,6,122,br BRA,0,FW,0,0,Arsenal,1
Christian Nørgaard,31-307,0,0,0.1,0,3,33,dk DEN,0,MF,0,0,Arsenal,0
Kai Havertz,26-214,0,0,0,0,1,31,de GER,0,FW,0,0,Arsenal,0
Max Dowman,16-011,0,0,0.1,0,2,29,eng ENG,0,FW,0,0,Arsenal,0
Andre Annous,18-015,,,,,0,,eng ENG,,FW,,0,Arsenal,
Kepa Arrizabalaga,31-100,,,,,0,,es ESP,,GK,,0,Arsenal,
Jakub Kiwior,25-330,,,,,0,,pl POL,,"DF,MF",,0,Arsenal,
Marli Salmon,16-135,,,,,0,,eng ENG,,DF,,0,Arsenal,
Morgan Rogers,23-169,4,3.2,3.4,7,21,1867,eng ENG,0,"FW,MF",0,21,Aston-Villa,4
Ezri Konsa,28-080,0,0.4,0.4,0,20,1775,eng ENG,0,DF,1,20,Aston-Villa,0
Matty Cash,28-157,2,1.8,0.7,3,20,1770,pl POL,0,DF,0,20,Aston-Villa,5
John McGinn,31-085,2,2.1,2.6,3,21,1574,sct SCO,0,"FW,MF",0,20,Aston-Villa,3
Ollie Watkins,30-012,1,1.2,8.4,7,21,1563,eng ENG,0,FW,0,18,Aston-Villa,1
Emiliano Martínez,33-131,0,0,0,0,17,1485,ar ARG,0,GK,0,17,Aston-Villa,1
Boubacar Kamara,26-049,3,0.8,0.5,1,18,1411,fr FRA,0,MF,0,17,Aston-Villa,5
Lucas Digne,32-175,3,1.3,0.5,0,20,1198,fr FRA,0,DF,0,14,Aston-Villa,2
Youri Tielemans,28-249,4,2.8,0.9,0,15,1134,be BEL,0,MF,0,13,Aston-Villa,0
Amadou Onana,24-148,0,0.1,0.4,2,14,888,be BEL,0,MF,0,11,Aston-Villa,2
Pau Torres,28-360,0,0,0.2,0,12,954,es ESP,0,DF,0,10,Aston-Villa,0
Emi Buendía,29-017,2,1.4,1.8,4,19,769,ar ARG,0,"MF,FW",0,9,Aston-Villa,2
Ian Maatsen,23-307,0,1.5,0.7,0,15,698,nl NED,0,DF,0,7,Aston-Villa,1
Victor Lindelöf,31-178,1,0.3,0,0,10,569,se SWE,0,DF,0,6,Aston-Villa,0
Evann Guessand,24-194,1,0.6,1,0,12,515,ci CIV,0,FW,0,6,Aston-Villa,0
Tyrone Mings,32-304,0,0.1,0.3,0,7,498,eng ENG,0,DF,0,6,Aston-Villa,0
Donyell Malen,27-002,1,0.4,4,4,21,656,nl NED,0,FW,0,5,Aston-Villa,0
Lamare Bogarde,22-006,0,0,0,0,16,440,nl NED,0,"MF,DF",0,4,Aston-Villa,4
Marco Bizot,34-307,0,0,0,0,5,405,nl NED,0,GK,0,4,Aston-Villa,2
Jadon Sancho,25-292,0,0.5,0.4,0,11,311,eng ENG,0,FW,0,2,Aston-Villa,0
Harvey Elliott,22-282,0,0,0.2,0,3,98,eng ENG,0,"MF,FW",0,1,Aston-Villa,0
Ross Barkley,32-037,0,0.5,0.4,1,7,121,eng ENG,0,MF,0,0,Aston-Villa,0
Andrés García,22-338,0,0,0,0,2,31,es ESP,0,DF,0,0,Aston-Villa,0
Bradley Burrowes,17-313,0,0,0,0,1,17,eng ENG,0,DF,0,0,Aston-Villa,0
George Hemmings,18-313,0,0,0,0,1,9,eng ENG,0,MF,0,0,Aston-Villa,0
Jamaldeen Jimoh,19-101,0,0,0,0,1,9,eng ENG,0,MF,0,0,Aston-Villa,0
Benjamin Broggio,18-347,,,,,0,,eng ENG,,FW,,0,Aston-Villa,
Theodore Carroll,18-295,,,,,0,,eng ENG,,MF,,0,Aston-Villa,
Ronnie Hollingshead,21-124,,,,,0,,wls WAL,,GK,,0,Aston-Villa,
Samuel Iling-Junior,22-099,,,,,0,,eng ENG,,"DF,MF",,0,Aston-Villa,
Travis Patterson,20-097,,,,,0,,eng ENG,,DF,,0,Aston-Villa,
Sam Proctor,19-021,,,,,0,,eng ENG,,GK,,0,Aston-Villa,
Leon Routh,18-042,,,,,0,,eng ENG,,DF,,0,Aston-Villa,
Triston Rowe,19-238,,,,,0,,eng ENG,,DF,,0,Aston-Villa,
James Wright,21-040,,,,,0,,eng ENG,,GK,,0,Aston-Villa,
Đorđe Petrović,26-095,0,0,0,0,21,1890,rs SRB,0,GK,0,21,Bournemouth,1
Adrien Truffert,24-052,1,1.2,0.3,0,21,1849,fr FRA,0,DF,0,21,Bournemouth,3
Antoine Semenyo,26-004,3,2.1,6.7,10,20,1798,gh GHA,1,"FW,MF",0,20,Bournemouth,6
Marcos Senesi,28-246,4,2.9,0.6,0,20,1758,ar ARG,0,DF,0,20,Bournemouth,6
Marcus Tavernier,26-295,3,2.4,4.2,4,21,1691,eng ENG,1,"MF,FW",0,19,Bournemouth,3
Alex Scott,22-143,0,1.3,1.3,1,21,1410,eng ENG,0,MF,0,18,Bournemouth,2
Evanilson,26-097,0,1.7,5.3,4,19,1407,br BRA,0,FW,0,16,Bournemouth,1
Bafodé Diakité,25-005,0,0.1,0,0,16,1264,fr FRA,0,DF,0,15,Bournemouth,1
Tyler Adams,26-331,1,0.1,0.5,2,15,1195,us USA,0,MF,0,15,Bournemouth,5
Álex Jiménez,20-248,0,0.3,0.5,0,17,1155,es ESP,0,"DF,FW",0,13,Bournemouth,5
David Brooks,28-187,2,2.6,4.3,1,19,937,wls WAL,0,"FW,MF",0,11,Bournemouth,6
Justin Kluivert,26-251,0,1.5,2.2,2,18,919,nl NED,0,MF,0,10,Bournemouth,4
Adam Smith,34-257,1,0.4,0,0,10,523,eng ENG,0,DF,0,8,Bournemouth,1
Eli Junior Kroupi,19-202,0,0.4,3.5,7,16,576,fr FRA,0,"FW,MF",0,7,Bournemouth,2
James Hill,24-001,0,0.1,0.2,0,12,576,eng ENG,0,DF,0,5,Bournemouth,1
Lewis Cook,28-342,1,0.3,0.1,0,11,501,eng ENG,0,"MF,DF",1,4,Bournemouth,1
Veljko Milosavljević,18-197,0,0.1,0.2,0,6,367,rs SRB,0,DF,0,4,Bournemouth,0
Amine Adli,25-246,0,0.5,1,1,17,442,ma MAR,0,"FW,MF",0,3,Bournemouth,1
Ryan Christie,30-323,0,0.1,1.1,1,11,296,sct SCO,0,MF,0,1,Bournemouth,1
Enes Ünal,28-246,0,0,1,1,9,119,tr TUR,0,"FW,MF",0,0,Bournemouth,1
Ben Gannon-Doak,20-061,1,0.6,0.1,0,4,57,sct SCO,0,FW,0,0,Bournemouth,0
Julio Soler,20-329,0,0,0,0,3,35,ar ARG,0,"DF,FW",0,0,Bournemouth,0
Hamed Junior Traorè,25-329,1,0.2,0,0,1,17,ci CIV,0,MF,0,0,Bournemouth,0
Ben Winterburn,21-129,0,0,0,0,1,7,eng ENG,0,MF,0,0,Bournemouth,0
Julian Araujo,24-151,,,,,0,,mx MEX,,DF,,0,Bournemouth,
Philip Billing,29-214,,,,,0,,dk DEN,,MF,,0,Bournemouth,
Malcom Dacosta,17-269,,,,,0,,ec ECU,,MF,,0,Bournemouth,
Will Dennis,25-185,,,,,0,,eng ENG,,GK,,0,Bournemouth,
Romain Faivre,27-181,,,,,0,,fr FRA,,"FW,MF",,0,Bournemouth,
Fraser Forster,37-300,,,,,0,,eng ENG,,GK,,0,Bournemouth,
Remy Rees-Dottin,19-311,,,,,0,,eng ENG,,FW,,0,Bournemouth,
Caoimhín Kelleher,27-049,0,0.1,0,0,21,1890,ie IRL,0,GK,0,21,Brentford,1
Michael Kayode,21-185,0,2.1,0.2,0,21,1828,it ITA,0,DF,0,21,Brentford,5
Nathan Collins,24-256,2,1.7,1.5,1,21,1817,ie IRL,0,DF,0,20,Brentford,4
Thiago,24-199,1,3,12.5,16,21,1752,br BRA,5,FW,0,20,Brentford,4
Kevin Schade,24-045,3,2.6,7.5,6,20,1645,de GER,0,FW,0,19,Brentford,5
Yehor Yarmoliuk,21-316,2,1.3,0.9,1,21,1567,ua UKR,0,MF,0,19,Brentford,4
Sepp van den Berg,24-022,0,0.5,1.6,0,17,1530,nl NED,0,DF,0,17,Brentford,1
Jordan Henderson,35-208,3,1.9,0.3,1,20,1354,eng ENG,0,MF,0,15,Brentford,4
Mikkel Damsgaard,25-192,3,3.6,1.1,1,18,1166,dk DEN,0,MF,0,13,Brentford,0
Dango Ouattara,23-334,0,1.1,3.5,3,15,1062,bf BFA,0,FW,0,12,Brentford,3
Kristoffer Ajer,27-269,1,0.7,0.7,0,15,973,no NOR,0,DF,0,11,Brentford,1
Keane Lewis-Potter,24-323,1,1.2,1.3,2,19,912,eng ENG,0,"FW,DF",0,10,Brentford,1
Mathias Jensen,30-010,0,0.7,0.9,2,19,772,dk DEN,0,"MF,FW",0,9,Brentford,1
Vitaly Janelt,27-246,4,2.4,0.5,0,16,766,de GER,0,MF,0,7,Brentford,3
Rico Henry,28-187,0,0.1,0.2,0,17,719,jm JAM,0,DF,0,6,Brentford,2
Aaron Hickey,23-215,0,0,0.4,0,13,514,sct SCO,0,DF,0,6,Brentford,1
Ethan Pinnock,32-227,0,0,0,0,3,228,jm JAM,0,DF,0,3,Brentford,1
Fabio Carvalho,23-134,0,0,0.7,1,6,102,pt POR,0,"FW,MF",0,1,Brentford,0
Antoni Milambo,20-283,0,0,0,0,1,45,nl NED,0,MF,0,1,Brentford,0
Frank Onyeka,28-010,1,0.1,0,0,6,92,ng NGA,0,MF,0,0,Brentford,0
Reiss Nelson,26-032,0,0,0.6,0,6,55,eng ENG,0,FW,0,0,Brentford,0
Myles Peart-Harris,23-115,0,0,0,0,1,1,eng ENG,0,FW,0,0,Brentford,0
Benjamin Arthur,20-094,,,,,0,,eng ENG,,DF,,0,Brentford,
Romelle Donovan,19-042,,,,,0,,eng ENG,,FW,,0,Brentford,
Yunus Emre Konak,20-001,,,,,0,,tr TUR,,MF,,0,Brentford,
Gustavo Nunes,20-052,,,,,0,,br BRA,,MF,,0,Brentford,
Mads Roerslev,26-201,,,,,0,,dk DEN,,"DF,MF",,0,Brentford,
Hákon Valdimarsson,24-090,,,,,0,,is ISL,,GK,,0,Brentford,
Bart Verbruggen,23-146,0,0.1,0,0,21,1890,nl NED,0,GK,0,21,Brighton-and-Hove-Albion,3
Jan Paul van Hecke,25-217,1,0.2,1.7,3,20,1800,nl NED,0,DF,0,20,Brighton-and-Hove-Albion,5
Lewis Dunk,34-051,0,0.1,0.7,0,20,1755,eng ENG,0,DF,0,19,Brighton-and-Hove-Albion,8
Yankuba Minteh,21-173,4,4.5,2.7,1,19,1541,gm GAM,0,FW,0,18,Brighton-and-Hove-Albion,0
Ferdi Kadioglu,26-096,0,1.2,0.9,0,20,1605,tr TUR,0,"DF,FW",0,17,Brighton-and-Hove-Albion,4
Yasin Ayari,22-097,1,0.9,2.4,2,19,1521,se SWE,0,MF,0,16,Brighton-and-Hove-Albion,0
Georginio Rutter,23-266,2,2.7,1.9,2,19,1337,fr FRA,0,"MF,FW",0,16,Brighton-and-Hove-Albion,2
Diego Gómez,22-290,0,1.5,4.5,3,19,1271,py PAR,0,"MF,FW",0,15,Brighton-and-Hove-Albion,5
Carlos Baleba,22-008,0,0.1,0.2,0,16,896,cm CMR,0,MF,0,14,Brighton-and-Hove-Albion,4
Mats Wieffer,26-056,3,3.1,1.2,0,16,1181,nl NED,0,DF,0,13,Brighton-and-Hove-Albion,4
Danny Welbeck,35-046,0,0.3,7.2,8,20,1121,eng ENG,1,FW,0,12,Brighton-and-Hove-Albion,3
Maxim De Cuyper,25-020,0,1.6,1.5,2,18,979,be BEL,0,"DF,FW",0,12,Brighton-and-Hove-Albion,2
Kaoru Mitoma,28-236,1,2.1,1.3,2,11,747,jp JPN,0,FW,0,8,Brighton-and-Hove-Albion,2
Brajan Gruda,21-225,1,0.9,1.7,1,17,654,de GER,0,"MF,FW",0,7,Brighton-and-Hove-Albion,2
Jack Hinshelwood,20-275,1,0.2,0.4,1,12,595,eng ENG,0,"MF,DF",0,6,Brighton-and-Hove-Albion,0
Joël Veltman,33-361,0,0.3,0.9,1,11,587,nl NED,0,DF,0,6,Brighton-and-Hove-Albion,3
James Milner,40-007,1,0.2,0.8,1,12,307,eng ENG,1,MF,0,2,Brighton-and-Hove-Albion,2
Diego Coppola,22-014,0,0,0,0,5,194,it ITA,0,DF,0,2,Brighton-and-Hove-Albion,2
Matt O'Riley,25-051,0,0.2,1.2,1,2,177,dk DEN,1,MF,0,2,Brighton-and-Hove-Albion,0
Olivier Boscagli,28-054,0,0,0,0,3,143,fr FRA,0,DF,0,2,Brighton-and-Hove-Albion,1
Charalampos Kostoulas,18-226,1,0.9,1.3,1,11,176,gr GRE,0,"FW,MF",0,1,Brighton-and-Hove-Albion,1
Stefanos Tzimas,20-005,1,0.5,0.5,1,9,139,gr GRE,0,"FW,MF",0,1,Brighton-and-Hove-Albion,0
Pascal Groß,34-210,0,0,0.1,0,2,110,de GER,0,MF,0,1,Brighton-and-Hove-Albion,1
Tom Watson,19-278,0,0,0,0,6,62,eng ENG,0,FW,0,0,Brighton-and-Hove-Albion,1
Joe Knight,20-112,0,0,0,0,1,1,eng ENG,0,MF,0,0,Brighton-and-Hove-Albion,0
Nehemiah Oriola,18-214,0,0,0,0,1,1,eng ENG,0,MF,0,0,Brighton-and-Hove-Albion,0
Harry Howell,17-104,,,,,0,,eng ENG,,FW,,0,Brighton-and-Hove-Albion,
Freddie Simmonds,17-308,,,,,0,,eng ENG,,DF,,0,Brighton-and-Hove-Albion,
Jason Steele,35-146,,,,,0,,eng ENG,,GK,,0,Brighton-and-Hove-Albion,
Charlie Tasker,19-321,,,,,0,,eng ENG,,DF,,0,Brighton-and-Hove-Albion,
Martin Dúbravka,36-361,0,0,0,0,21,1890,sk SVK,0,GK,0,21,Burnley,0
Kyle Walker,35-228,1,0.5,0.1,0,20,1786,eng ENG,0,"DF,MF",0,20,Burnley,7
Maxime Estève,23-230,0,0.4,0.4,0,18,1535,fr FRA,0,DF,0,18,Burnley,0
Josh Cullen,29-279,2,2.1,0.9,2,18,1514,ie IRL,0,MF,0,18,Burnley,2
Quilindschy Hartman,24-058,4,1.5,0.2,0,15,1337,nl NED,0,DF,0,15,Burnley,1
Florentino Luís,26-145,1,0.4,0.5,0,17,1314,pt POR,0,MF,0,15,Burnley,3
Lesley Ugochukwu,21-291,0,0.3,2.1,3,20,1286,fr FRA,0,MF,1,15,Burnley,2
Jaidon Anthony,26-041,1,0.6,2.5,5,20,1256,eng ENG,0,"MF,FW",0,15,Burnley,3
Hjalmar Ekdal,27-082,0,0.1,0.3,0,14,1162,se SWE,0,DF,0,13,Burnley,0
Josh Laurent,30-250,0,0.4,0.4,1,18,1060,eng ENG,0,"DF,MF",0,11,Burnley,3
Lyle Foster,25-130,1,0.8,1.6,2,14,883,za RSA,0,FW,0,11,Burnley,3
Jacob Bruun Larsen,27-114,1,1.4,1.2,0,18,861,dk DEN,0,"FW,MF",0,9,Burnley,0
Loum Tchaouna,22-125,0,0.3,0.8,1,16,759,fr FRA,0,"MF,FW",0,9,Burnley,1
Axel Tuanzebe,28-058,0,0,0,0,8,706,cd COD,0,DF,0,8,Burnley,1
Zian Flemming,27-163,0,0.2,3.2,5,15,667,nl NED,2,FW,0,8,Burnley,3
Armando Broja,24-123,1,0.3,1.9,1,15,635,al ALB,0,FW,0,6,Burnley,0
Lucas,24-293,0,0.3,0.3,0,7,502,br BRA,0,"DF,MF",1,6,Burnley,0
Hannibal Mejbri,22-355,1,1.1,0.3,0,14,460,tn TUN,0,MF,0,5,Burnley,4
Marcus Edwards,27-039,2,1.9,0.7,0,11,403,eng ENG,0,"FW,MF",0,3,Burnley,0
Bashir Humphreys,22-302,0,0,0.1,0,5,349,eng ENG,0,DF,0,3,Burnley,1
Oliver Sonne,25-062,0,0,0.6,1,7,169,pe PER,0,"DF,FW",0,1,Burnley,0
Joe Worrall,29-001,0,0,0,0,6,157,eng ENG,0,DF,0,1,Burnley,0
Mike Trésor,26-228,0,0,0,0,4,23,be BEL,0,"MF,FW",0,0,Burnley,0
Ashley Barnes,36-073,0,0,0.1,0,2,11,eng ENG,0,FW,0,0,Burnley,0
Jaydon Amauri Banel,21-084,0,0,0,0,1,10,nl NED,0,MF,0,0,Burnley,0
Enock Agyei,20-363,,,,,0,,be BEL,,FW,,0,Burnley,
George Brierley,18-052,,,,,0,,eng ENG,,MF,,0,Burnley,
Oliver Pimlott,18-279,,,,,0,,eng ENG,,MF,,0,Burnley,
Aaron Ramsey,22-355,,,,,0,,eng ENG,,MF,,0,Burnley,
Max Weiß,21-210,,,,,0,,de GER,,GK,,0,Burnley,
Trevoh Chalobah,26-190,0,0.1,1.1,3,20,1740,eng ENG,0,DF,1,20,Chelsea,3
Robert Sánchez,28-054,1,0.8,0,0,20,1714,es ESP,0,GK,1,20,Chelsea,2
Enzo Fernández,24-359,1,4.9,7.8,6,20,1701,ar ARG,1,MF,0,19,Chelsea,5
Pedro Neto,25-308,3,4,3.6,5,21,1639,pt POR,0,FW,0,19,Chelsea,2
Marc Cucurella,27-173,2,1.7,0.6,0,19,1525,es ESP,0,DF,1,18,Chelsea,3
João Pedro,24-107,3,2.8,6.5,6,21,1525,br BRA,0,"FW,MF",0,18,Chelsea,2
Moisés Caicedo,24-070,1,1.1,0.9,3,16,1342,ec ECU,0,MF,1,15,Chelsea,5
Reece James,26-034,4,3.2,0.9,2,20,1365,eng ENG,0,"DF,MF",0,14,Chelsea,4
Malo Gusto,22-237,2,1.2,1.2,2,19,1221,fr FRA,0,"DF,MF",1,13,Chelsea,3
Alejandro Garnacho,21-194,3,3.1,1.9,1,13,761,ar ARG,0,FW,0,10,Chelsea,1
Wesley Fofana,25-025,0,0,0.2,0,10,758,fr FRA,0,DF,0,9,Chelsea,1
Cole Palmer,23-250,0,0.2,2.7,3,11,664,eng ENG,1,"MF,FW",0,9,Chelsea,1
Estêvão Willian,18-262,1,2,2.3,1,17,610,br BRA,0,FW,0,8,Chelsea,3
Liam Delap,22-337,0,0.1,2.4,1,12,575,eng ENG,0,FW,0,8,Chelsea,2
Tosin Adarabioyo,28-109,0,0.7,0.1,0,10,651,eng ENG,0,DF,0,6,Chelsea,2
Joshua Acheampong,19-251,0,0.1,0.6,1,8,470,eng ENG,0,DF,0,6,Chelsea,0
Andrey Santos,21-253,0,0.2,1.7,0,15,520,br BRA,0,MF,0,5,Chelsea,3
Jamie Gittens,21-156,2,0.7,0.8,0,14,453,eng ENG,0,FW,0,4,Chelsea,0
Benoît Badiashile,24-291,0,0,0,0,6,336,fr FRA,0,DF,0,4,Chelsea,2
Jorrel Hato,19-310,0,0.2,0.2,0,6,260,nl NED,0,DF,0,2,Chelsea,2
Marc Guiu,20-007,1,1,1.4,0,7,238,es ESP,0,FW,0,1,Chelsea,1
Filip Jørgensen,23-270,0,0,0,0,2,174,dk DEN,0,GK,0,1,Chelsea,0
Roméo Lavia,22-005,0,0,0,0,4,108,be BEL,0,MF,0,1,Chelsea,0
Facundo Buonanotte,21-019,0,0.3,0,0,1,45,ar ARG,0,MF,0,1,Chelsea,0
Tyrique George,19-341,0,0,0.3,0,4,145,eng ENG,0,FW,0,0,Chelsea,2
Landon Emenalo,17-358,,,,,0,,eng ENG,,MF,,0,Chelsea,
Dario Essugo,20-303,,,,,0,,pt POR,,MF,,0,Chelsea,
Max Merrick,20-062,,,,,0,,eng ENG,,GK,,0,Chelsea,
Gaga Slonina,21-241,,,,,0,,us USA,,GK,,0,Chelsea,
Dean Henderson,28-305,0,0,0,0,21,1890,eng ENG,0,GK,0,21,Crystal-Palace,2
Maxence Lacroix,25-280,2,1.1,1,0,21,1890,fr FRA,0,DF,0,21,Crystal-Palace,3
Tyrick Mitchell,26-132,0,1.4,0.7,1,21,1883,eng ENG,0,DF,0,21,Crystal-Palace,4
Jean-Philippe Mateta,28-197,0,0.6,11.3,8,21,1730,fr FRA,3,FW,0,21,Crystal-Palace,2
Marc Guéhi,25-182,2,1.5,2,2,20,1800,eng ENG,0,DF,0,20,Crystal-Palace,4
Adam Wharton,21-339,2,3.9,1,0,19,1562,eng ENG,0,MF,0,19,Crystal-Palace,2
Chris Richards,25-289,0,0.3,0.4,0,17,1522,us USA,0,DF,0,17,Crystal-Palace,0
Yeremi Pino,23-083,1,3.6,3.4,1,19,1348,es ESP,0,MF,0,17,Crystal-Palace,3
Daniel Muñoz,29-230,2,2.5,1.8,3,14,1259,co COL,0,"DF,MF",0,14,Crystal-Palace,4
Daichi Kamada,29-159,0,1.2,0.9,0,14,1164,jp JPN,0,MF,0,14,Crystal-Palace,1
Ismaila Sarr,27-320,1,1,4.1,3,12,1008,sn SEN,0,"MF,FW",0,12,Crystal-Palace,1
Will Hughes,30-269,0,0.9,0.7,0,18,874,eng ENG,0,MF,0,10,Crystal-Palace,4
Jefferson Lerma,31-078,1,0.7,0.6,0,18,760,co COL,0,"MF,DF",0,7,Crystal-Palace,4
Nathaniel Clyne,34-281,1,1.1,0.5,0,7,418,eng ENG,0,DF,0,6,Crystal-Palace,0
Justin Devenny,22-092,0,0.3,2.6,1,17,513,nir NIR,1,"MF,DF",0,4,Crystal-Palace,0
Eddie Nketiah,26-226,0,0.9,1.9,2,12,424,eng ENG,0,"MF,FW",0,2,Crystal-Palace,2
Jaydee Canvot,19-166,0,0,0,0,8,293,fr FRA,0,DF,0,2,Crystal-Palace,0
Brennan Johnson,24-233,0,0.2,0.5,0,2,161,wls WAL,0,MF,0,2,Crystal-Palace,2
Christantus Uche,22-237,0,0,0.2,0,10,119,ng NGA,0,"MF,FW",0,0,Crystal-Palace,0
Romain Esse,20-243,0,0,0,0,4,44,eng ENG,0,"FW,MF",0,0,Crystal-Palace,0
Borna Sosa,27-355,0,0.1,0,0,4,29,hr CRO,0,DF,0,0,Crystal-Palace,0
Joél Drakes-Thomas,16-216,0,0,0,0,2,9,eng ENG,0,MF,0,0,Crystal-Palace,0
Kaden Rodney,21-096,0,0,0,0,1,4,eng ENG,0,MF,0,0,Crystal-Palace,0
Odsonne Édouard,27-360,0,0,0,0,1,3,fr FRA,0,FW,0,0,Crystal-Palace,0
Dean Benamar,17-225,,,,,0,,eng ENG,,DF,,0,Crystal-Palace,
Walter Benítez,32-357,,,,,0,,ar ARG,,GK,,0,Crystal-Palace,
Rio Cardines,19-194,,,,,0,,tt TRI,,MF,,0,Crystal-Palace,
Ben Casey,18-042,,,,,0,,eng ENG,,FW,,0,Crystal-Palace,
George King,18-297,,,,,0,,eng ENG,,DF,,0,Crystal-Palace,
Remi Matthews,31-335,,,,,0,,eng ENG,,GK,,0,Crystal-Palace,
Jesurun Rak Sakyi,23-098,,,,,0,,eng ENG,,"FW,MF",,0,Crystal-Palace,
Jordan Pickford,31-310,0,0,0,0,21,1890,eng ENG,0,GK,0,21,Everton,0
James Tarkowski,33-053,1,1.2,1.3,0,21,1890,eng ENG,0,DF,0,21,Everton,4
James Garner,24-304,3,2.9,1.5,2,21,1883,eng ENG,0,"MF,DF",0,21,Everton,4
Jake O'Brien,24-241,1,0.3,0.6,0,21,1760,ie IRL,0,DF,0,19,Everton,1
Michael Keane,33-000,0,0.1,1.6,3,19,1676,eng ENG,0,DF,1,19,Everton,0
Vitaliy Mykolenko,26-227,0,0.6,0.2,0,18,1615,ua UKR,0,DF,0,18,Everton,4
Jack Grealish,30-123,6,4.1,2.1,2,19,1537,eng ENG,0,FW,1,17,Everton,5
Iliman Ndiaye,25-311,2,2.6,3.2,4,16,1341,sn SEN,1,FW,0,16,Everton,2
Kiernan Dewsbury-Hall,27-127,2,2.9,1.6,4,15,1257,eng ENG,0,MF,0,15,Everton,5
Thierno Barry,23-082,0,0.4,3.5,3,21,1105,fr FRA,0,FW,0,13,Everton,2
Idrissa Gana Gueye,36-107,0,0.3,1.1,2,13,1051,sn SEN,0,MF,1,13,Everton,0
Tim Iroegbunam,22-195,2,0.6,0.4,0,17,929,eng ENG,0,MF,0,11,Everton,7
Beto,27-345,0,0.4,4.7,2,21,835,gw GNB,0,FW,0,8,Everton,1
Carlos Alcaraz,23-042,1,0.8,1.1,0,15,663,ar ARG,0,"MF,FW",0,6,Everton,3
Dwight McNeil,26-050,1,0.8,0.4,0,12,486,eng ENG,0,"FW,MF",0,5,Everton,0
Tyler Dibling,19-305,0,0.2,0.2,0,11,326,eng ENG,0,FW,0,4,Everton,2
Merlin Röhl,23-190,0,0.2,0.5,0,9,269,de GER,0,MF,0,1,Everton,0
Harrison Armstrong,18-357,0,0,0,0,3,101,eng ENG,0,MF,0,1,Everton,0
Nathan Patterson,24-087,0,0,0,0,3,78,sct SCO,0,DF,0,1,Everton,0
Séamus Coleman,37-092,0,0,0,0,3,11,ie IRL,0,"DF,FW",0,1,Everton,0
Adam Aznou,19-223,,,,,0,,ma MAR,,DF,,0,Everton,
Callum Bates,20-105,,,,,0,,eng ENG,,MF,,0,Everton,
Elijah Campbell,21-162,,,,,0,,eng ENG,,DF,,0,Everton,
Youssef Chermiti,21-232,,,,,0,,pt POR,,FW,,0,Everton,
Braiden Graham,18-065,,,,,0,,nir NIR,,FW,,0,Everton,
Tom King,30-308,,,,,0,,wls WAL,,GK,,0,Everton,
Tyler Onyango,22-313,,,,,0,,eng ENG,,MF,,0,Everton,
Mark Travers,26-238,,,,,0,,ie IRL,,GK,,0,Everton,
Harry Tyrer,24-036,,,,,0,,eng ENG,,GK,,0,Everton,
Reece Welch,22-114,,,,,0,,eng ENG,,DF,,0,Everton,
Bernd Leno,33-313,0,0,0,0,21,1890,de GER,0,GK,0,21,Fulham,3
Joachim Andersen,29-225,0,0.8,0.8,0,20,1751,dk DEN,0,DF,0,20,Fulham,4
Sander Berge,27-331,1,1.5,0.6,0,21,1722,no NOR,0,MF,0,20,Fulham,3
Harry Wilson,28-295,4,2.5,3.8,7,20,1496,wls WAL,0,"FW,MF",0,18,Fulham,5
Kenny Tete,30-094,0,0.6,0.4,1,16,1345,nl NED,0,DF,0,16,Fulham,2
Alex Iwobi,29-253,2,2.1,0.8,2,16,1328,ng NGA,0,"MF,FW",0,16,Fulham,2
Raúl Jiménez,34-251,3,1.3,5.6,5,20,1310,mx MEX,1,FW,0,16,Fulham,4
Calvin Bassey,26-011,0,0.1,0.6,1,16,1359,ng NGA,0,DF,0,15,Fulham,3
Saša Lukić,29-151,2,1.6,1.8,1,18,1145,rs SRB,0,MF,0,14,Fulham,5
Ryan Sessegnon,25-238,0,1.2,0.9,2,14,1124,eng ENG,0,DF,0,13,Fulham,0
Joshua King,19-008,1,0.4,1.2,0,18,870,eng ENG,0,"MF,FW",0,11,Fulham,3
Emile Smith Rowe,25-167,0,0.5,2.9,3,21,914,eng ENG,0,MF,0,9,Fulham,1
Timothy Castagne,30-037,0,0.5,0.9,0,16,769,be BEL,0,"DF,FW",0,8,Fulham,2
Jorge Cuenca,26-055,0,0,0,0,8,574,es ESP,0,DF,0,7,Fulham,3
Kevin,23-007,1,1,0.9,0,17,714,br BRA,0,"FW,MF",0,6,Fulham,1
Antonee Robinson,28-156,0,0.9,0.2,0,9,586,us USA,0,DF,0,6,Fulham,0
Issa Diop,29-002,0,0,0,0,7,413,fr FRA,0,DF,0,4,Fulham,1
Rodrigo Muniz,24-252,1,0.3,1,1,7,352,br BRA,0,FW,0,4,Fulham,1
Tom Cairney,34-356,0,0.1,0.6,1,13,408,sct SCO,0,MF,0,3,Fulham,2
Samuel Chukwueze,26-234,4,1.7,1,2,9,398,ng NGA,0,FW,0,3,Fulham,0
Adama Traoré,29-351,0,0.5,0.2,0,15,274,es ESP,0,"FW,MF",0,1,Fulham,0
Jonah Kusi-Asare,18-191,0,0,0,0,4,31,se SWE,0,FW,0,0,Fulham,0
Harrison Reed,30-349,0,0,0,1,4,17,eng ENG,0,MF,0,0,Fulham,0
Samuel Amissah,18-310,,,,,0,,eng ENG,,DF,,0,Fulham,
Benjamin Lecomte,34-260,,,,,0,,fr FRA,,GK,,0,Fulham,
Alfie McNally,21-020,,,,,0,,eng ENG,,GK,,0,Fulham,
Andreas Pereira,30-010,,,,,0,,br BRA,,MF,,0,Fulham,
Seth Ridgeon,17-121,,,,,0,,eng ENG,,MF,,0,Fulham,
Gabriel Gudmundsson,26-257,0,2,0.9,0,21,1740,se SWE,0,DF,0,20,Leeds-United,2
Joe Rodon,28-081,0,0.4,0.9,2,19,1649,wls WAL,0,DF,0,19,Leeds-United,1
Pascal Struijk,26-153,1,0.6,2,0,19,1629,nl NED,0,DF,0,18,Leeds-United,3
Ethan Ampadu,25-119,0,0.1,1.6,1,18,1589,wls WAL,0,MF,0,18,Leeds-United,6
Jayden Bogle,25-168,1,0.7,1.2,0,19,1580,eng ENG,0,DF,0,18,Leeds-United,4
Anton Stach,27-057,2,3.8,2.1,3,19,1530,de GER,0,MF,0,18,Leeds-United,2
Lucas Perri,28-032,0,0,0,0,16,1440,br BRA,0,GK,0,16,Leeds-United,2
Dominic Calvert-Lewin,28-301,1,1.3,8.1,9,19,1311,eng ENG,2,FW,0,14,Leeds-United,1
Brenden Aaronson,25-081,3,2.8,2.9,4,20,1245,us USA,0,"FW,MF",0,14,Leeds-United,1
Noah Okafor,25-232,0,1,2.7,2,18,1036,ch SUI,0,"FW,MF",0,13,Leeds-United,2
Jaka Bijol,26-340,1,0.5,0.5,1,12,982,si SVN,0,DF,0,11,Leeds-United,1
Sean Longstaff,28-073,2,2.1,0.7,1,12,878,eng ENG,0,MF,0,10,Leeds-United,1
Ao Tanaka,27-123,0,0.6,0.8,2,18,711,jp JPN,0,MF,0,7,Leeds-United,1
Ilia Gruev,25-250,1,0.3,0,0,12,652,bg BUL,0,MF,0,7,Leeds-United,1
Lukas Nmecha,27-028,0,0.2,4.4,4,18,603,de GER,1,FW,0,6,Leeds-United,0
Karl Darlow,35-095,0,0,0,0,5,450,wls WAL,0,GK,0,5,Leeds-United,0
James Justin,27-322,0,0,0.1,0,12,437,eng ENG,0,"DF,FW",0,4,Leeds-United,1
Daniel James,28-062,0,0.6,0.7,0,10,354,wls WAL,0,FW,0,4,Leeds-United,0
Wilfried Gnonto,22-067,1,0.6,0.2,0,12,324,it ITA,0,"FW,MF",0,4,Leeds-United,2
Joël Piroe,26-162,0,0,0.7,0,10,209,nl NED,0,"FW,MF",0,2,Leeds-United,0
Sebastiaan Bornauw,26-295,0,0,0,0,5,164,be BEL,0,DF,0,2,Leeds-United,0
Jack Harrison,29-052,0,0.4,0.3,0,11,269,eng ENG,0,"FW,DF",0,1,Leeds-United,0
Sam Byram,32-117,0,0,0,0,1,8,eng ENG,0,DF,0,0,Leeds-United,0
Samuel Chambers,18-146,,,,,0,,eng ENG,,MF,,0,Leeds-United,
Harry Gray,17-095,,,,,0,,eng ENG,,FW,,0,Leeds-United,
Illan Meslier,25-315,,,,,0,,fr FRA,,GK,,0,Leeds-United,
Largie Ramazani,24-318,,,,,0,,be BEL,,"FW,MF",,0,Leeds-United,
Virgil van Dijk,34-187,0,0.2,0.9,0,21,1890,nl NED,0,DF,0,21,Liverpool,3
Ibrahima Konaté,26-231,0,0.5,0.8,0,21,1786,fr FRA,0,DF,0,21,Liverpool,5
Dominik Szoboszlai,25-078,1,2.6,2.4,2,20,1792,hu HUN,0,"MF,DF",0,20,Liverpool,5
Ryan Gravenberch,23-240,2,1.5,1,4,19,1681,nl NED,0,MF,0,19,Liverpool,3
Milos Kerkez,22-065,0,1,1,1,20,1416,hu HUN,0,DF,0,17,Liverpool,3
Alexis Mac Allister,27-018,2,1.5,1.7,0,20,1389,ar ARG,0,MF,0,17,Liverpool,3
Alisson,33-101,0,0,0,0,16,1440,br BRA,0,GK,0,16,Liverpool,0
Florian Wirtz,22-253,1,2.3,4.1,2,20,1405,de GER,0,"MF,FW",0,16,Liverpool,1
Cody Gakpo,26-249,3,3.7,4.8,5,19,1345,nl NED,0,FW,0,15,Liverpool,1
Hugo Ekitike,23-205,2,1.5,5.8,8,18,1132,fr FRA,0,FW,0,13,Liverpool,0
Mohamed Salah,33-210,3,3,4.5,4,14,1183,eg EGY,1,"FW,MF",0,12,Liverpool,1
Conor Bradley,22-186,1,1.1,0.2,0,15,929,nir NIR,0,DF,0,12,Liverpool,5
Curtis Jones,24-346,0,1,0.8,0,18,972,eng ENG,0,MF,0,9,Liverpool,1
Alexander Isak,26-112,1,0.6,2,2,10,504,se SWE,0,FW,0,6,Liverpool,0
Giorgi Mamardashvili,25-104,0,0,0,0,5,450,ge GEO,0,GK,0,5,Liverpool,0
Andrew Robertson,31-306,0,0.6,0.2,0,12,488,sct SCO,0,DF,0,4,Liverpool,0
Jeremie Frimpong,25-032,1,1.3,0.1,0,9,394,nl NED,0,"FW,DF",0,4,Liverpool,0
Joe Gomez,28-233,2,0.7,0.2,0,10,251,eng ENG,0,DF,0,3,Liverpool,2
Federico Chiesa,28-078,1,1.3,1.2,2,15,240,it ITA,0,"FW,MF",0,1,Liverpool,2
Rio Ngumoha,17-135,0,0.2,0.4,1,6,53,eng ENG,0,"FW,MF",0,0,Liverpool,0
Wataru Endo,32-336,1,0.1,0,0,5,47,jp JPN,0,"MF,DF",0,0,Liverpool,1
Trey Nyoni,18-195,0,0,0,0,2,2,eng ENG,0,FW,0,0,Liverpool,0
Giovanni Leoni,19-021,,,,,0,,it ITA,,DF,,0,Liverpool,
Kieran Morrison,19-063,,,,,0,,nir NIR,,MF,,0,Liverpool,
Wellity Omoruyi,19-364,,,,,0,,es ESP,,DF,,0,Liverpool,
Ármin Pécsi,20-321,,,,,0,,hu HUN,,GK,,0,Liverpool,
Calvin Ramsay,22-164,,,,,0,,sct SCO,,DF,,0,Liverpool,
Freddie Woodman,28-313,,,,,0,,eng ENG,,GK,,0,Liverpool,
Erling Haaland,25-174,4,2.7,18.8,20,21,1821,no NOR,2,FW,0,21,Manchester-City,0
Rúben Dias,28-242,0,0.1,0.5,2,20,1706,pt POR,0,DF,0,19,Manchester-City,2
Gianluigi Donnarumma,26-320,0,0,0,0,18,1620,it ITA,0,GK,0,18,Manchester-City,5
Phil Foden,25-228,2,3.3,5.1,7,19,1567,eng ENG,0,MF,0,18,Manchester-City,3
Matheus Nunes,27-137,3,0.8,0.3,1,19,1576,pt POR,0,DF,0,17,Manchester-City,3
Bernardo Silva,31-154,2,2.3,0.6,0,21,1496,pt POR,0,MF,0,17,Manchester-City,5
Nico O’Reilly,20-296,3,2.6,2.1,1,20,1479,eng ENG,0,DF,0,16,Manchester-City,3
Tijjani Reijnders,27-166,2,2.4,3.7,5,20,1336,nl NED,0,MF,0,16,Manchester-City,2
Nicolás González,24-008,0,0.6,0.6,1,19,1335,es ESP,0,MF,0,15,Manchester-City,4
Joško Gvardiol,23-353,2,0.4,2.3,2,16,1302,hr CRO,0,DF,0,15,Manchester-City,2
Jeremy Doku,23-229,4,6.4,1.7,1,18,1089,be BEL,0,"MF,FW",0,12,Manchester-City,0
Rayan Cherki,22-147,7,5.7,1.7,2,16,840,fr FRA,0,"MF,FW",0,10,Manchester-City,1
Sávio,21-276,1,0.7,1,0,15,541,br BRA,0,"MF,FW",0,5,Manchester-City,1
Oscar Bobb,22-183,1,0.7,0.4,0,9,468,no NOR,0,"MF,FW",0,5,Manchester-City,1
Rodri,29-203,0,0.9,0.1,0,9,455,es ESP,0,MF,0,5,Manchester-City,0
Abdukodir Khusanov,21-316,0,0,0,0,7,382,uz UZB,0,DF,0,4,Manchester-City,1
John Stones,31-228,0,0.1,0,0,7,353,eng ENG,0,DF,0,4,Manchester-City,0
Nathan Aké,30-327,0,0.4,0.3,0,11,401,nl NED,0,DF,0,3,Manchester-City,1
James Trafford,23-093,0,0,0,0,3,270,eng ENG,0,GK,0,3,Manchester-City,0
Rayan Aït-Nouri,24-219,0,0.2,0,0,5,204,dz ALG,0,DF,0,3,Manchester-City,1
Rico Lewis,21-051,1,1.3,0,0,9,227,eng ENG,0,"DF,MF",0,2,Manchester-City,0
Omar Marmoush,26-338,1,1,1.2,0,10,211,eg EGY,0,"FW,MF",0,2,Manchester-City,0
Max Alleyne,20-174,0,0,0.2,0,1,90,eng ENG,0,DF,0,1,Manchester-City,0
Divine Mukasa,18-142,0,0.1,0,0,1,16,eng ENG,0,MF,0,0,Manchester-City,0
Mateo Kovačić,31-250,0,0,0,0,1,5,hr CRO,0,MF,0,0,Manchester-City,0
Manuel Akanji,30-176,,,,,0,,ch SUI,,"DF,MF",,0,Manchester-City,
Ederson,32-147,,,,,0,,br BRA,,GK,,0,Manchester-City,
Charlie Gray,19-323,,,,,0,,eng ENG,,MF,,0,Manchester-City,
İlkay Gündoğan,35-079,,,,,0,,de GER,,MF,,0,Manchester-City,
Reigan Heskey,17-358,,,,,0,,eng ENG,,FW,,0,Manchester-City,
Ryan Mcaidoo,17-201,,,,,0,,eng ENG,,FW,,0,Manchester-City,
Stephen Mfuni,17-333,,,,,0,,eng ENG,,DF,,0,Manchester-City,
Stefan Ortega,33-066,,,,,0,,de GER,,GK,,0,Manchester-City,
Luke Shaw,30-183,1,0.8,0.1,0,21,1817,eng ENG,0,DF,0,21,Manchester-United,3
Bruno Fernandes,31-125,8,5.7,7,5,18,1535,pt POR,2,MF,0,18,Manchester-United,2
Casemiro,33-322,1,2,3.1,4,19,1301,br BRA,0,MF,1,18,Manchester-United,7
Diogo Dalot,26-299,2,2.3,1.3,1,19,1407,pt POR,0,DF,0,16,Manchester-United,2
Bryan Mbeumo,26-157,1,3.1,5.5,6,16,1403,cm CMR,0,MF,0,16,Manchester-United,3
Matheus Cunha,26-229,1,1.5,5.1,4,18,1372,br BRA,0,"MF,FW",0,16,Manchester-United,1
Senne Lammens,23-188,0,0,0,0,15,1350,be BEL,0,GK,0,15,Manchester-United,0
Amad Diallo,23-184,2,3,3.7,2,15,1203,ci CIV,0,"DF,MF",0,14,Manchester-United,1
Matthijs de Ligt,26-152,0,0.6,1.5,1,13,1170,nl NED,0,DF,0,13,Manchester-United,0
Patrick Dorgu,21-077,3,2.5,1.2,1,20,1165,dk DEN,0,"DF,FW",0,12,Manchester-United,5
Leny Yoro,20-059,0,0,0.7,0,21,1141,fr FRA,0,DF,0,12,Manchester-United,0
Benjamin Šeško,22-225,1,0.4,5,4,17,1044,si SVN,0,FW,0,11,Manchester-United,1
Mason Mount,27-001,0,1.1,1.5,3,16,815,eng ENG,0,MF,0,10,Manchester-United,0
Ayden Heaven,19-111,1,0.4,0.3,0,10,637,eng ENG,0,DF,0,8,Manchester-United,1
Manuel Ugarte,24-275,0,0.2,0.3,0,15,727,uy URU,0,MF,0,7,Manchester-United,1
Altay Bayındır,27-272,0,0.2,0,0,6,540,tr TUR,0,GK,0,6,Manchester-United,0
Noussair Mazraoui,28-058,0,0.1,0,0,9,442,ma MAR,0,DF,0,6,Manchester-United,1
Joshua Zirkzee,24-234,1,0.9,1.9,2,14,490,nl NED,0,"FW,MF",0,4,Manchester-United,1
Lisandro Martínez,27-358,0,0.6,0.1,0,9,458,ar ARG,0,DF,0,4,Manchester-United,0
Harry Maguire,32-312,1,0.4,0.3,1,8,345,eng ENG,0,DF,0,4,Manchester-United,0
Kobbie Mainoo,20-267,0,0.3,0.1,0,12,238,eng ENG,0,MF,0,0,Manchester-United,0
Jack Fletcher,18-298,0,0.1,0,0,3,108,eng ENG,0,"MF,FW",0,0,Manchester-United,0
Bendito Mantato,17-351,0,0.1,0,0,1,16,eng ENG,0,FW,0,0,Manchester-United,0
Shea Lacey,18-272,0,0,0.1,0,2,14,eng ENG,0,"FW,DF",0,0,Manchester-United,0
Tyler Fredricson,20-322,0,0,0,0,1,3,eng ENG,0,DF,0,0,Manchester-United,0
Tyrell Malacia,26-147,0,0,0,0,1,3,nl NED,0,DF,0,0,Manchester-United,0
Tyler Fletcher,18-298,,,,,0,,sct SCO,,MF,,0,Manchester-United,
Tom Heaton,39-271,,,,,0,,eng ENG,,GK,,0,Manchester-United,
Godwill Kukonki,17-339,,,,,0,,eng ENG,,DF,,0,Manchester-United,
Diego León,18-283,,,,,0,,py PAR,,DF,,0,Manchester-United,
Chidozie Obi-Martin,18-043,,,,,0,,dk DEN,,FW,,0,Manchester-United,
André Onana,29-284,,,,,0,,cm CMR,,GK,,0,Manchester-United,
Bruno Guimarães,28-056,3,2.3,3.9,8,20,1748,br BRA,1,MF,0,19,Newcastle-United,4
Sandro Tonali,25-248,1,1.9,0.7,0,21,1428,it ITA,0,MF,0,18,Newcastle-United,2
Malick Thiaw,24-156,0,0.3,1.8,3,18,1488,de GER,0,DF,0,17,Newcastle-United,3
Nick Woltemade,23-331,2,1.2,6.1,7,18,1259,de GER,1,FW,0,16,Newcastle-United,0
Nick Pope,33-267,0,0,0,0,15,1336,eng ENG,0,GK,0,15,Newcastle-United,1
Dan Burn,33-247,2,0.3,0.1,0,15,1255,eng ENG,0,DF,1,15,Newcastle-United,5
Joelinton,29-150,0,1.4,1.3,2,17,1226,br BRA,0,MF,0,15,Newcastle-United,5
Anthony Gordon,24-321,1,2.8,4.3,2,16,998,eng ENG,2,FW,1,14,Newcastle-United,2
Jacob Murphy,30-321,1,3.5,2.8,2,18,1010,eng ENG,0,FW,0,12,Newcastle-United,0
Fabian Schär,34-022,0,0.2,1,0,16,1091,ch SUI,0,DF,0,11,Newcastle-United,1
Valentino Livramento,23-060,1,0.4,0.1,0,13,1049,eng ENG,0,DF,0,11,Newcastle-United,1
Lewis Miley,19-255,3,1.1,1.2,1,17,1022,eng ENG,0,"MF,DF",0,10,Newcastle-United,0
Lewis Hall,21-125,1,1.2,0.5,0,14,944,eng ENG,0,DF,0,10,Newcastle-United,1
Harvey Barnes,28-033,0,1.4,4.5,5,20,951,eng ENG,0,FW,0,9,Newcastle-United,0
Sven Botman,25-364,1,0.6,0.3,0,11,701,nl NED,0,DF,0,8,Newcastle-United,0
Kieran Trippier,35-114,0,0.8,0,0,9,699,eng ENG,0,DF,0,8,Newcastle-United,1
Anthony Elanga,23-259,1,1.1,1.1,0,17,684,se SWE,0,"FW,MF",0,7,Newcastle-United,0
Aaron Ramsdale,27-242,0,0.1,0,0,7,554,eng ENG,0,GK,0,6,Newcastle-United,0
Jacob Ramsey,24-228,0,0.7,0.3,0,12,511,eng ENG,0,MF,0,4,Newcastle-United,2
Yoane Wissa,29-130,0,0.2,1.5,1,7,246,cd COD,0,FW,0,2,Newcastle-United,1
Joe Willock,26-144,0,0.3,0.6,0,11,241,eng ENG,0,"MF,FW",0,2,Newcastle-United,1
William Osula,22-160,0,0.1,0.6,1,10,219,dk DEN,0,FW,0,1,Newcastle-United,0
Emil Krafth,31-162,0,0,0,0,1,45,se SWE,0,DF,0,1,Newcastle-United,0
Jamaal Lascelles,32-061,0,0,0,0,2,21,eng ENG,0,DF,0,0,Newcastle-United,0
Adedamola Alabi,16-186,,,,,0,,eng ENG,,MF,,0,Newcastle-United,
Alex Murphy,21-200,,,,,0,,ie IRL,,DF,,0,Newcastle-United,
Sean Neave,18-229,,,,,0,,eng ENG,,FW,,0,Newcastle-United,
John Ruddy,39-079,,,,,0,,eng ENG,,GK,,0,Newcastle-United,
Park Seungsoo,18-300,,,,,0,,kr KOR,,MF,,0,Newcastle-United,
Leo Shahar,18-299,,,,,0,,eng ENG,,DF,,0,Newcastle-United,
Elliot Anderson,23-066,2,2.2,1.8,1,21,1890,eng ENG,1,MF,0,21,Nottingham-Forest,4
Nikola Milenković,28-091,0,0.3,0.8,0,21,1890,rs SRB,0,DF,0,21,Nottingham-Forest,4
Neco Williams,24-273,1,2.1,1.2,1,21,1890,wls WAL,0,DF,0,21,Nottingham-Forest,4
Morgan Gibbs-White,25-349,1,1.2,5.9,5,21,1781,eng ENG,1,"MF,FW",0,20,Nottingham-Forest,0
Matz Sels,33-319,0,0.1,0,0,17,1453,be BEL,0,GK,0,16,Nottingham-Forest,1
Murillo,23-191,0,0.2,0.5,1,15,1279,br BRA,0,DF,0,15,Nottingham-Forest,3
Dan Ndoye,25-078,1,1,0.8,1,15,996,ch SUI,0,FW,0,14,Nottingham-Forest,1
Igor Jesus,24-320,1,1.2,3.4,1,20,1148,br BRA,0,FW,0,13,Nottingham-Forest,0
Callum Hudson-Odoi,25-065,1,2.2,1.8,3,19,1120,eng ENG,0,FW,0,11,Nottingham-Forest,0
Nicolò Savona,22-298,0,0.4,1.3,2,14,1028,it ITA,0,DF,0,11,Nottingham-Forest,2
Ibrahim Sangaré,28-040,2,0.9,0.7,2,13,865,ci CIV,0,MF,0,11,Nottingham-Forest,2
Omari Hutchinson,22-073,2,2.3,1.6,1,16,884,eng ENG,0,FW,0,8,Nottingham-Forest,0
Morato,24-195,0,0,0,0,10,710,br BRA,0,DF,0,8,Nottingham-Forest,4
Nicolás Domínguez,27-197,0,0.4,0.7,1,12,568,ar ARG,0,"MF,FW",0,8,Nottingham-Forest,2
Chris Wood,34-035,0,0.2,2.7,2,8,540,nz NZL,0,FW,0,7,Nottingham-Forest,0
John,29-332,0,0,0,0,5,437,br BRA,0,GK,0,5,Nottingham-Forest,1
Ola Aina,29-095,0,0.2,0.1,0,5,428,ng NGA,0,DF,0,5,Nottingham-Forest,1
Douglas Luiz,27-247,0,0.7,0.1,0,8,315,br BRA,0,MF,0,5,Nottingham-Forest,2
Oleksandr Zinchenko,29-027,0,0.5,0.1,0,5,353,ua UKR,0,DF,0,4,Nottingham-Forest,0
Dilane Bakwa,23-138,1,0.9,0.4,0,8,303,fr FRA,0,FW,0,3,Nottingham-Forest,1
Ryan Yates,28-051,1,0.1,0,0,11,307,eng ENG,0,MF,0,1,Nottingham-Forest,1
Taiwo Awoniyi,28-152,0,0.4,0.5,0,7,187,ng NGA,0,FW,0,1,Nottingham-Forest,0
James Mcatee,23-085,0,0.4,0,0,7,175,eng ENG,0,"MF,FW",0,1,Nottingham-Forest,1
Jair Cunha,20-310,0,0,0,0,1,90,br BRA,0,DF,0,1,Nottingham-Forest,0
Arnaud Kalimuendo,23-356,0,0,0.4,0,9,96,fr FRA,0,FW,0,0,Nottingham-Forest,0
Zach Abbott,19-243,0,0,0,0,1,45,eng ENG,0,DF,0,0,Nottingham-Forest,0
Jota Silva,26-163,0,0,0,0,1,12,pt POR,0,FW,0,0,Nottingham-Forest,0
Willy Boly,34-342,,,,,0,,ci CIV,,DF,,0,Nottingham-Forest,
Angus Gunn,29-354,,,,,0,,sct SCO,,GK,,0,Nottingham-Forest,
Robin Roefs,22-359,0,0.4,0,0,21,1890,nl NED,0,GK,0,21,Sunderland,2
Granit Xhaka,33-106,5,2,0.6,1,21,1872,ch SUI,0,MF,0,21,Sunderland,4
Trai Hume,23-299,1,1,0.7,0,21,1743,nir NIR,0,"DF,MF",0,19,Sunderland,5
Nordi Mukiele,28-071,1,1.1,0.7,1,19,1710,fr FRA,0,DF,0,19,Sunderland,3
Enzo Le Fée,25-342,4,2.6,3.2,2,20,1575,fr FRA,2,"MF,FW",0,18,Sunderland,5
Omar Alderete,29-016,1,0.1,1.2,1,17,1470,py PAR,0,DF,0,16,Sunderland,3
Noah Sadiki,21-025,0,0.4,0.3,0,16,1412,cd COD,0,MF,0,16,Sunderland,4
Daniel Ballard,26-111,0,0.7,1.4,2,17,1225,nir NIR,0,DF,0,13,Sunderland,2
Reinildo Mandava,31-355,0,0,0.1,0,12,1022,mz MOZ,0,DF,1,12,Sunderland,4
Wilson Isidor,25-137,0,0,3.4,4,19,977,fr FRA,0,FW,0,11,Sunderland,1
Lutsharel Geertruida,25-177,0,0.2,0.7,0,17,978,nl NED,0,"DF,MF",0,10,Sunderland,0
Chemsdine Talbi,20-247,1,0.3,1.2,2,16,886,ma MAR,0,"FW,MF",0,9,Sunderland,0
Simon Adingra,24-010,0,0.9,0.3,1,14,653,ci CIV,0,"FW,MF",0,9,Sunderland,2
Bertrand Traoré,30-127,0,0.9,0.6,1,10,608,bf BFA,0,"FW,MF",0,9,Sunderland,1
Brian Brobbey,23-344,1,0.2,1.9,3,16,707,nl NED,0,FW,0,7,Sunderland,1
Chris Rigg,18-207,0,0.3,0.3,0,10,377,eng ENG,0,"FW,MF",0,6,Sunderland,0
Eliezer Mayenda,20-248,0,0.5,0.9,1,12,498,es ESP,0,FW,0,5,Sunderland,0
Habib Diarra,22-008,0,0,0.6,0,5,372,sn SEN,0,MF,0,4,Sunderland,1
Dennis Cirkin,23-280,0,0,0,0,4,250,eng ENG,0,DF,0,3,Sunderland,1
Arthur Masuaku,32-065,0,0.1,0.1,0,3,126,cd COD,0,"DF,MF",0,2,Sunderland,1
Jenson Seelt,22-233,0,0,0,0,2,134,nl NED,0,DF,0,1,Sunderland,0
Romaine Mundle,22-262,0,0,0.4,0,8,178,eng ENG,0,"FW,MF",0,0,Sunderland,1
Patrick Roberts,28-340,0,0,0,0,1,28,eng ENG,0,"MF,FW",0,0,Sunderland,0
Dan Neil,24-029,0,0,0,0,3,14,eng ENG,0,MF,0,0,Sunderland,0
Luke O'Nien,31-051,0,0,0,0,3,11,eng ENG,0,"DF,MF",1,0,Sunderland,0
Leo Fuhr Hjelde,22-138,,,,,0,,no NOR,,DF,,0,Sunderland,
Harrison Jones,21-017,,,,,0,,eng ENG,,MF,,0,Sunderland,
Jenson Jones,25-073,,,,,0,,eng ENG,,DF,,0,Sunderland,
Anthony Patterson,25-246,,,,,0,,eng ENG,,GK,,0,Sunderland,
Timur Tuterov,20-214,,,,,0,,ua UKR,,FW,,0,Sunderland,
Guglielmo Vicario,29-096,0,0,0,0,21,1890,it ITA,0,GK,0,21,Tottenham-Hotspur,1
Micky van de Ven,24-267,1,0.6,2.1,3,20,1789,nl NED,0,DF,0,20,Tottenham-Hotspur,5
Pedro Porro,26-120,1,1.8,0.4,0,21,1688,es ESP,0,DF,0,19,Tottenham-Hotspur,5
Mohammed Kudus,25-162,5,2.8,1.9,2,19,1535,gh GHA,0,"FW,MF",0,19,Tottenham-Hotspur,3
Rodrigo Bentancur,28-200,1,0.8,0.5,1,20,1410,uy URU,0,MF,0,17,Tottenham-Hotspur,5
Cristian Romero,27-259,1,1.1,1,2,17,1457,ar ARG,0,DF,1,16,Tottenham-Hotspur,9
Djed Spence,25-155,0,0.7,0.6,0,18,1346,eng ENG,0,DF,0,16,Tottenham-Hotspur,2
João Palhinha,30-186,2,0.3,1,3,20,1304,pt POR,0,MF,0,14,Tottenham-Hotspur,5
Richarlison,28-246,3,2.1,4.7,7,21,1283,br BRA,0,FW,0,13,Tottenham-Hotspur,4
Xavi Simons,22-265,3,1.6,0.9,1,15,924,nl NED,0,"MF,FW",1,10,Tottenham-Hotspur,2
Randal Kolo Muani,27-037,0,0.8,1.3,0,14,836,fr FRA,0,FW,0,10,Tottenham-Hotspur,2
Lucas Bergvall,19-343,2,0.3,0.9,1,16,804,se SWE,0,"MF,FW",0,10,Tottenham-Hotspur,2
Archie Gray,19-305,0,0.1,0.7,1,11,603,eng ENG,0,MF,0,8,Tottenham-Hotspur,3
Pape Matar Sarr,23-119,2,0.7,1,2,14,709,sn SEN,0,MF,0,7,Tottenham-Hotspur,0
Kevin Danso,27-114,0,0,0,0,12,585,at AUT,0,DF,0,7,Tottenham-Hotspur,4
Wilson Odobert,21-044,1,1.3,1,0,19,718,fr FRA,0,"FW,MF",0,6,Tottenham-Hotspur,0
Destiny Udogie,23-044,1,0.4,0.1,0,10,609,it ITA,0,DF,0,6,Tottenham-Hotspur,1
Mathys Tel,20-259,0,0.1,0.6,3,14,470,fr FRA,0,FW,0,5,Tottenham-Hotspur,0
Ben Davies,32-262,0,0.1,0.5,1,2,119,wls WAL,0,DF,0,1,Tottenham-Hotspur,0
Dominic Solanke,28-119,0,0,0.2,0,2,33,eng ENG,0,FW,0,0,Tottenham-Hotspur,0
Radu Drăgușin,23-342,0,0,0.1,0,1,6,ro ROU,0,DF,0,0,Tottenham-Hotspur,0
Dane Scarlett,21-293,0,0,0,0,1,3,eng ENG,0,FW,0,0,Tottenham-Hotspur,0
Yusuf Akhamrich,20-128,,,,,0,,eng ENG,,FW,,0,Tottenham-Hotspur,
Brandon Austin,27-003,,,,,0,,eng ENG,,GK,,0,Tottenham-Hotspur,
Jun'ai Byfield,17-036,,,,,0,,eng ENG,,DF,,0,Tottenham-Hotspur,
Antonín Kinský,22-304,,,,,0,,cz CZE,,GK,,0,Tottenham-Hotspur,
Callum Olusesi,18-359,,,,,0,,eng ENG,,MF,,0,Tottenham-Hotspur,
James Rowswell,19-182,,,,,0,,eng ENG,,DF,,0,Tottenham-Hotspur,
Manor Solomon,26-171,,,,,0,,il ISR,,"FW,MF",,0,Tottenham-Hotspur,
Kōta Takai,21-129,,,,,0,,jp JPN,,DF,,0,Tottenham-Hotspur,
Luka Vušković,18-321,,,,,0,,hr CRO,,DF,,0,Tottenham-Hotspur,
Luca Williams Barnett,17-102,,,,,0,,eng ENG,,FW,,0,Tottenham-Hotspur,
Jarrod Bowen,29-022,1,2,4.7,6,21,1890,eng ENG,0,"FW,MF",0,21,West-Ham-United,2
Lucas Paquetá,28-137,1,2.3,2.8,4,18,1511,br BRA,2,"MF,FW",1,18,West-Ham-United,7
Mateus Fernandes,21-185,1,1.3,1,2,19,1494,pt POR,0,"MF,FW",0,18,West-Ham-United,2
Max Kilman,28-233,0,0.3,0.6,0,18,1534,eng ENG,0,DF,0,17,West-Ham-United,4
Alphonse Areola,32-318,1,0,0,0,17,1530,fr FRA,0,GK,0,17,West-Ham-United,0
El Hadji Malick Diouf,21-014,3,0.8,0.4,0,16,1387,sn SEN,0,DF,0,15,West-Ham-United,3
Jean-Clair Todibo,26-012,1,0.3,0,0,15,1250,fr FRA,0,DF,0,15,West-Ham-United,4
Crysencio Summerville,24-073,1,0.5,2,0,16,1139,nl NED,0,"FW,MF",0,14,West-Ham-United,3
Konstantinos Mavropanos,28-031,0,0,0.7,0,14,1093,gr GRE,0,DF,0,11,West-Ham-United,2
Aaron Wan-Bissaka,28-046,0,0.6,0,0,12,1011,cd COD,0,DF,0,11,West-Ham-United,2
Freddie Potts,22-121,1,1.1,0.2,0,16,972,eng ENG,0,MF,0,10,West-Ham-United,1
Kyle Walker-Peters,28-273,0,0.2,1.2,1,16,957,eng ENG,0,DF,0,10,West-Ham-United,2
Soungoutou Magassa,22-095,0,0.3,0.3,1,14,737,fr FRA,0,MF,0,9,West-Ham-United,2
Callum Wilson,33-318,1,0.2,3.6,4,17,811,eng ENG,0,FW,0,8,West-Ham-United,0
Tomáš Souček,30-318,0,0.1,2.5,2,18,726,cz CZE,0,"MF,FW",1,7,West-Ham-United,0
Oliver Scarles,20-030,0,0.3,0.2,0,7,464,eng ENG,0,DF,0,7,West-Ham-United,0
James Ward-Prowse,31-071,0,0.9,0.1,0,5,413,eng ENG,0,MF,0,5,West-Ham-United,0
Niclas Füllkrug,32-336,0,0.7,0.9,0,8,409,de GER,0,FW,0,5,West-Ham-United,0
Mads Hermansen,25-184,0,0,0,0,4,360,dk DEN,0,GK,0,4,West-Ham-United,0
Nayef Aguerd,29-287,0,0,0.1,0,2,180,ma MAR,0,DF,0,2,West-Ham-United,0
Guido Rodríguez,31-274,0,0,0,0,5,168,ar ARG,0,MF,0,2,West-Ham-United,1
Andy Irving,25-243,0,0.3,0,0,7,158,sct SCO,0,MF,0,2,West-Ham-United,0
Luis Guilherme,19-336,0,0,0.1,0,5,125,br BRA,0,"FW,MF",0,1,West-Ham-United,0
Igor,27-338,0,0,0,0,4,105,br BRA,0,DF,0,1,West-Ham-United,0
Valentín Castellanos,27-100,0,0.1,0.4,0,1,90,ar ARG,0,FW,0,1,West-Ham-United,0
Ezra Mayers,18-360,0,0.2,0.1,0,5,116,bb BRB,0,DF,0,0,West-Ham-United,0
Callum Marshall,21-044,0,0,0.1,0,2,60,nir NIR,0,FW,0,0,West-Ham-United,0
Pablo,22-009,0,0,0,0,1,28,br BRA,0,MF,0,0,West-Ham-United,0
Mohamadou Kanté,20-113,0,0.1,0,0,3,19,fr FRA,0,"FW,MF",0,0,West-Ham-United,0
George Earthy,21-128,0,0,0,0,1,9,eng ENG,0,FW,0,0,West-Ham-United,0
Edson Álvarez,28-079,,,,,0,,mx MEX,,"DF,MF",,0,West-Ham-United,
Łukasz Fabiański,40-268,,,,,0,,pl POL,,GK,,0,West-Ham-United,
Airidas Golambeckis,18-068,,,,,0,,eng ENG,,DF,,0,West-Ham-United,
João Gomes,24-333,0,0.5,0.6,0,20,1594,br BRA,0,MF,0,18,Wolverhampton-Wanderers,6
Ladislav Krejčí,26-266,1,0.8,2,2,16,1389,cz CZE,0,"DF,MF",0,16,Wolverhampton-Wanderers,2
André,24-179,0,0.5,0.2,0,20,1425,br BRA,0,MF,0,15,Wolverhampton-Wanderers,5
Jørgen Strand Larsen,25-339,1,0.6,2.8,1,19,1313,no NOR,1,FW,0,14,Wolverhampton-Wanderers,2
Jhon Arias,28-112,0,0.6,3.3,1,20,1048,co COL,0,"FW,MF",0,13,Wolverhampton-Wanderers,1
Hugo Bueno,23-115,1,1.3,0.4,0,18,1163,es ESP,0,"DF,MF",0,12,Wolverhampton-Wanderers,1
Sam Johnstone,32-292,0,0,0,0,12,1080,eng ENG,0,GK,0,12,Wolverhampton-Wanderers,0
Toti Gomes,26-360,0,0.2,0,0,13,949,pt POR,0,DF,1,12,Wolverhampton-Wanderers,2
Santiago Bueno,27-063,0,0.1,1.6,2,12,1025,uy URU,0,DF,0,11,Wolverhampton-Wanderers,2
Emmanuel Agbadou,28-208,0,0.2,0.5,0,13,1011,ci CIV,0,DF,1,11,Wolverhampton-Wanderers,1
Hwang Hee-chan,29-350,1,0.8,2.1,2,16,882,kr KOR,1,"FW,MF",0,11,Wolverhampton-Wanderers,3
Jackson Tchatchoua,24-119,0,1.3,0.3,0,20,1110,cm CMR,0,"DF,MF",0,10,Wolverhampton-Wanderers,2
Yerson Mosquera,24-254,0,0.3,0.7,0,12,866,co COL,0,DF,0,10,Wolverhampton-Wanderers,6
Marshall Munetsi,29-203,1,0.5,1.6,1,13,875,zw ZIM,0,"MF,FW",0,9,Wolverhampton-Wanderers,2
José Sá,32-359,0,0.1,0,0,9,810,pt POR,0,GK,0,9,Wolverhampton-Wanderers,1
Jean-Ricner Bellegarde,27-198,0,0.4,0.8,1,14,689,ht HAI,0,"MF,FW",0,9,Wolverhampton-Wanderers,1
David Møller Wolfe,23-263,2,1.6,0.1,0,14,707,no NOR,0,"DF,MF",0,8,Wolverhampton-Wanderers,1
Matt Doherty,33-360,0,0.4,0.1,0,8,598,ie IRL,0,DF,0,8,Wolverhampton-Wanderers,4
Tolu Arokodare,25-049,0,0.6,1.5,1,17,673,ng NGA,0,FW,0,7,Wolverhampton-Wanderers,1
Ki-Jana Hoever,23-358,0,0.5,0,0,8,425,nl NED,0,"DF,MF",0,6,Wolverhampton-Wanderers,0
Mateus Mane,18-117,1,0.2,0.6,2,10,452,pt POR,0,MF,0,4,Wolverhampton-Wanderers,0
Rodrigo Gomes,22-188,0,0.1,1,1,6,331,pt POR,0,"FW,DF",0,4,Wolverhampton-Wanderers,0
Fer López,21-232,1,0.7,0.2,0,9,235,es ESP,0,"MF,FW",0,2,Wolverhampton-Wanderers,1
Tawanda Chirewa,22-092,0,0,0,0,2,27,zw ZIM,0,"MF,FW",0,0,Wolverhampton-Wanderers,0
Sasa Kalajdzic,28-188,0,0,0,0,1,15,at AUT,0,FW,0,0,Wolverhampton-Wanderers,0
Pedro Lima,19-194,0,0,0,0,1,1,br BRA,0,MF,0,0,Wolverhampton-Wanderers,0
Daniel Bentley,32-182,,,,,0,,eng ENG,,GK,,0,Wolverhampton-Wanderers,
Enso Gonzalez,20-356,,,,,0,,py PAR,,FW,,0,Wolverhampton-Wanderers,
Temple Ojinnaka,20-287,,,,,0,,it ITA,,MF,,0,Wolverhampton-Wanderers,
Saheed Olagunju,19-004,,,,,0,,ng NGA,,DF,,0,Wolverhampton-Wanderers,
Alfie Pond,21-316,,,,,0,,eng ENG,,DF,,0,Wolverhampton-Wanderers,
Luke Rawlings,17-282,,,,,0,,eng ENG,,MF,,0,Wolverhampton-Wanderers,
Ethan Sutherland,19-261,,,,,0,,sct SCO,,FW,,0,Wolverhampton-Wanderers,
