Player,Nation,Pos,Age,MP,Starts,Min,Gls,Ast,PK,CrdY,CrdR,xG,xAG,Team
David Raya,es ESP,GK,30-118,21,21,1890,0,0,0,1,0,0,0.1,Arsenal
Martín Zubimendi,es ESP,MF,26-343,21,20,1769,3,1,0,4,0,1.9,1.1,Arsenal
Declan Rice,eng ENG,MF,26-362,20,19,1696,4,3,0,1,0,2.5,3.5,Arsenal
Jurriën Timber,nl NED,DF,24-208,20,18,1641,2,3,0,2,0,4,1.1,Arsenal
Bukayo Saka,eng ENG,FW,24-128,19,16,1422,4,3,1,1,0,5.3,4.9,Arsenal
William Saliba,fr FRA,DF,24-293,17,16,1354,0,0,0,0,0,0.3,0.2,Arsenal
Viktor Gyökeres,se SWE,FW,27-221,19,16,1290,5,0,2,3,0,6.4,1.2,Arsenal
Riccardo Calafiori,it ITA,DF,23-237,16,16,1255,1,2,0,5,0,2.5,0.5,Arsenal
Gabriel Magalhães,br BRA,DF,28-023,15,14,1266,3,2,0,1,0,1.6,1.4,Arsenal
Leandro Trossard,be BEL,FW,31-038,17,12,1131,5,4,0,1,0,4,2.2,Arsenal
Eberechi Eze,eng ENG,"MF,FW",27-196,15,11,923,4,2,0,0,0,2.3,1.2,Arsenal
Martin Ødegaard,no NOR,MF,27-025,15,11,874,1,3,0,0,0,0.9,2.4,Arsenal
Mikel Merino,es ESP,"MF,FW",29-203,19,10,940,3,3,0,1,0,2.1,1.4,Arsenal
Piero Hincapié,ec ECU,DF,24-002,12,10,891,0,0,0,2,0,0,0.7,Arsenal
Noni Madueke,eng ENG,FW,23-307,12,6,510,0,0,0,0,0,0.5,1.4,Arsenal
Gabriel Martinelli,br BRA,FW,24-207,16,6,510,1,0,0,2,0,2.1,0.3,Arsenal
Cristhian Mosquera,es ESP,DF,21-198,10,4,433,0,0,0,1,0,0,0.1,Arsenal
Ben White,eng ENG,DF,28-095,5,4,288,0,1,0,0,0,0.4,0.8,Arsenal
Myles Lewis-Skelly,eng ENG,DF,19-107,14,1,321,0,0,0,3,0,0.1,0.1,Arsenal
Ethan Nwaneri,eng ENG,MF,18-296,6,0,171,0,0,0,0,0,0.2,0,Arsenal
Gabriel Jesus,br BRA,FW,28-283,6,0,122,1,0,0,1,0,0.5,0,Arsenal
Christian Nørgaard,dk DEN,MF,31-307,3,0,33,0,0,0,0,0,0.1,0,Arsenal
Kai Havertz,de GER,FW,26-214,1,0,31,0,0,0,0,0,0,0,Arsenal
Max Dowman,eng ENG,FW,16-011,2,0,29,0,0,0,0,0,0.1,0,Arsenal
Andre Annous,eng ENG,FW,18-015,0,0,,,,,,,,,Arsenal
Kepa Arrizabalaga,es ESP,GK,31-100,0,0,,,,,,,,,Arsenal
Jakub Kiwior,pl POL,"DF,MF",25-330,0,0,,,,,,,,,Arsenal
Marli Salmon,eng ENG,DF,16-135,0,0,,,,,,,,,Arsenal
Squad Total,,,26.5,21,231,1890,37,27,3,29,0,35.8,23.9,Arsenal
Opponent Total,,,26.8,21,231,1890,14,8,0,38,1,14.8,9.5,Arsenal
Morgan Rogers,eng ENG,"FW,MF",23-169,21,21,1867,7,4,0,4,0,3.4,3.2,Aston-Villa
Ezri Konsa,eng ENG,DF,28-080,20,20,1775,0,0,0,0,1,0.4,0.4,Aston-Villa
Matty Cash,pl POL,DF,28-157,20,20,1770,3,2,0,5,0,0.7,1.8,Aston-Villa
John McGinn,sct SCO,"FW,MF",31-085,21,20,1574,3,2,0,3,0,2.6,2.1,Aston-Villa
Ollie Watkins,eng ENG,FW,30-012,21,18,1563,7,1,0,1,0,8.4,1.2,Aston-Villa
Emiliano Martínez,ar ARG,GK,33-131,17,17,1485,0,0,0,1,0,0,0,Aston-Villa
Boubacar Kamara,fr FRA,MF,26-049,18,17,1411,1,3,0,5,0,0.5,0.8,Aston-Villa
Lucas Digne,fr FRA,DF,32-175,20,14,1198,0,3,0,2,0,0.5,1.3,Aston-Villa
Youri Tielemans,be BEL,MF,28-249,15,13,1134,0,4,0,0,0,0.9,2.8,Aston-Villa
Amadou Onana,be BEL,MF,24-148,14,11,888,2,0,0,2,0,0.4,0.1,Aston-Villa
Pau Torres,es ESP,DF,28-360,12,10,954,0,0,0,0,0,0.2,0,Aston-Villa
Emi Buendía,ar ARG,"MF,FW",29-017,19,9,769,4,2,0,2,0,1.8,1.4,Aston-Villa
Ian Maatsen,nl NED,DF,23-307,15,7,698,0,0,0,1,0,0.7,1.5,Aston-Villa
Victor Lindelöf,se SWE,DF,31-178,10,6,569,0,1,0,0,0,0,0.3,Aston-Villa
Evann Guessand,ci CIV,FW,24-194,12,6,515,0,1,0,0,0,1,0.6,Aston-Villa
Tyrone Mings,eng ENG,DF,32-304,7,6,498,0,0,0,0,0,0.3,0.1,Aston-Villa
Donyell Malen,nl NED,FW,27-002,21,5,656,4,1,0,0,0,4,0.4,Aston-Villa
Lamare Bogarde,nl NED,"MF,DF",22-006,16,4,440,0,0,0,4,0,0,0,Aston-Villa
Marco Bizot,nl NED,GK,34-307,5,4,405,0,0,0,2,0,0,0,Aston-Villa
Jadon Sancho,eng ENG,FW,25-292,11,2,311,0,0,0,0,0,0.4,0.5,Aston-Villa
Harvey Elliott,eng ENG,"MF,FW",22-282,3,1,98,0,0,0,0,0,0.2,0,Aston-Villa
Ross Barkley,eng ENG,MF,32-037,7,0,121,1,0,0,0,0,0.4,0.5,Aston-Villa
Andrés García,es ESP,DF,22-338,2,0,31,0,0,0,0,0,0,0,Aston-Villa
Bradley Burrowes,eng ENG,DF,17-313,1,0,17,0,0,0,0,0,0,0,Aston-Villa
George Hemmings,eng ENG,MF,18-313,1,0,9,0,0,0,0,0,0,0,Aston-Villa
Jamaldeen Jimoh,eng ENG,MF,19-101,1,0,9,0,0,0,0,0,0,0,Aston-Villa
Benjamin Broggio,eng ENG,FW,18-347,0,0,,,,,,,,,Aston-Villa
Theodore Carroll,eng ENG,MF,18-295,0,0,,,,,,,,,Aston-Villa
Ronnie Hollingshead,wls WAL,GK,21-124,0,0,,,,,,,,,Aston-Villa
Samuel Iling-Junior,eng ENG,"DF,MF",22-099,0,0,,,,,,,,,Aston-Villa
Travis Patterson,eng ENG,DF,20-097,0,0,,,,,,,,,Aston-Villa
Sam Proctor,eng ENG,GK,19-021,0,0,,,,,,,,,Aston-Villa
Leon Routh,eng ENG,DF,18-042,0,0,,,,,,,,,Aston-Villa
Triston Rowe,eng ENG,DF,19-238,0,0,,,,,,,,,Aston-Villa
James Wright,eng ENG,GK,21-040,0,0,,,,,,,,,Aston-Villa
Squad Total,,,28.4,21,231,1890,32,24,0,32,1,25,18.9,Aston-Villa
Opponent Total,,,26.5,21,231,1890,23,15,1,52,1,30.1,21.3,Aston-Villa
Đorđe Petrović,rs SRB,GK,26-095,21,21,1890,0,0,0,1,0,0,0,Bournemouth
Adrien Truffert,fr FRA,DF,24-052,21,21,1849,0,1,0,3,0,0.3,1.2,Bournemouth
Antoine Semenyo,gh GHA,"FW,MF",26-004,20,20,1798,10,3,1,6,0,6.7,2.1,Bournemouth
Marcos Senesi,ar ARG,DF,28-246,20,20,1758,0,4,0,6,0,0.6,2.9,Bournemouth
Marcus Tavernier,eng ENG,"MF,FW",26-295,21,19,1691,4,3,1,3,0,4.2,2.4,Bournemouth
Alex Scott,eng ENG,MF,22-143,21,18,1410,1,0,0,2,0,1.3,1.3,Bournemouth
Evanilson,br BRA,FW,26-097,19,16,1407,4,0,0,1,0,5.3,1.7,Bournemouth
Bafodé Diakité,fr FRA,DF,25-005,16,15,1264,0,0,0,1,0,0,0.1,Bournemouth
Tyler Adams,us USA,MF,26-331,15,15,1195,2,1,0,5,0,0.5,0.1,Bournemouth
Álex Jiménez,es ESP,"DF,FW",20-248,17,13,1155,0,0,0,5,0,0.5,0.3,Bournemouth
David Brooks,wls WAL,"FW,MF",28-187,19,11,937,1,2,0,6,0,4.3,2.6,Bournemouth
Justin Kluivert,nl NED,MF,26-251,18,10,919,2,0,0,4,0,2.2,1.5,Bournemouth
Adam Smith,eng ENG,DF,34-257,10,8,523,0,1,0,1,0,0,0.4,Bournemouth
Eli Junior Kroupi,fr FRA,"FW,MF",19-202,16,7,576,7,0,0,2,0,3.5,0.4,Bournemouth
James Hill,eng ENG,DF,24-001,12,5,576,0,0,0,1,0,0.2,0.1,Bournemouth
Lewis Cook,eng ENG,"MF,DF",28-342,11,4,501,0,1,0,1,1,0.1,0.3,Bournemouth
Veljko Milosavljević,rs SRB,DF,18-197,6,4,367,0,0,0,0,0,0.2,0.1,Bournemouth
Amine Adli,ma MAR,"FW,MF",25-246,17,3,442,1,0,0,1,0,1,0.5,Bournemouth
Ryan Christie,sct SCO,MF,30-323,11,1,296,1,0,0,1,0,1.1,0.1,Bournemouth
Enes Ünal,tr TUR,"FW,MF",28-246,9,0,119,1,0,0,1,0,1,0,Bournemouth
Ben Gannon-Doak,sct SCO,FW,20-061,4,0,57,0,1,0,0,0,0.1,0.6,Bournemouth
Julio Soler,ar ARG,"DF,FW",20-329,3,0,35,0,0,0,0,0,0,0,Bournemouth
Hamed Junior Traorè,ci CIV,MF,25-329,1,0,17,0,1,0,0,0,0,0.2,Bournemouth
Ben Winterburn,eng ENG,MF,21-129,1,0,7,0,0,0,0,0,0,0,Bournemouth
Julian Araujo,mx MEX,DF,24-151,0,0,,,,,,,,,Bournemouth
Philip Billing,dk DEN,MF,29-214,0,0,,,,,,,,,Bournemouth
Malcom Dacosta,ec ECU,MF,17-269,0,0,,,,,,,,,Bournemouth
Will Dennis,eng ENG,GK,25-185,0,0,,,,,,,,,Bournemouth
Romain Faivre,fr FRA,"FW,MF",27-181,0,0,,,,,,,,,Bournemouth
Fraser Forster,eng ENG,GK,37-300,0,0,,,,,,,,,Bournemouth
Remy Rees-Dottin,eng ENG,FW,19-311,0,0,,,,,,,,,Bournemouth
Squad Total,,,25.7,21,231,1890,34,18,2,51,1,32,18.5,Bournemouth
Opponent Total,,,26.7,21,231,1890,39,26,3,43,1,31.2,22.3,Bournemouth
Caoimhín Kelleher,ie IRL,GK,27-049,21,21,1890,0,0,0,1,0,0,0.1,Brentford
Michael Kayode,it ITA,DF,21-185,21,21,1828,0,0,0,5,0,0.2,2.1,Brentford
Nathan Collins,ie IRL,DF,24-256,21,20,1817,1,2,0,4,0,1.5,1.7,Brentford
Thiago,br BRA,FW,24-199,21,20,1752,16,1,5,4,0,12.5,3,Brentford
Kevin Schade,de GER,FW,24-045,20,19,1645,6,3,0,5,0,7.5,2.6,Brentford
Yehor Yarmoliuk,ua UKR,MF,21-316,21,19,1567,1,2,0,4,0,0.9,1.3,Brentford
Sepp van den Berg,nl NED,DF,24-022,17,17,1530,0,0,0,1,0,1.6,0.5,Brentford
Jordan Henderson,eng ENG,MF,35-208,20,15,1354,1,3,0,4,0,0.3,1.9,Brentford
Mikkel Damsgaard,dk DEN,MF,25-192,18,13,1166,1,3,0,0,0,1.1,3.6,Brentford
Dango Ouattara,bf BFA,FW,23-334,15,12,1062,3,0,0,3,0,3.5,1.1,Brentford
Kristoffer Ajer,no NOR,DF,27-269,15,11,973,0,1,0,1,0,0.7,0.7,Brentford
Keane Lewis-Potter,eng ENG,"FW,DF",24-323,19,10,912,2,1,0,1,0,1.3,1.2,Brentford
Mathias Jensen,dk DEN,"MF,FW",30-010,19,9,772,2,0,0,1,0,0.9,0.7,Brentford
Vitaly Janelt,de GER,MF,27-246,16,7,766,0,4,0,3,0,0.5,2.4,Brentford
Rico Henry,jm JAM,DF,28-187,17,6,719,0,0,0,2,0,0.2,0.1,Brentford
Aaron Hickey,sct SCO,DF,23-215,13,6,514,0,0,0,1,0,0.4,0,Brentford
Ethan Pinnock,jm JAM,DF,32-227,3,3,228,0,0,0,1,0,0,0,Brentford
Fabio Carvalho,pt POR,"FW,MF",23-134,6,1,102,1,0,0,0,0,0.7,0,Brentford
Antoni Milambo,nl NED,MF,20-283,1,1,45,0,0,0,0,0,0,0,Brentford
Frank Onyeka,ng NGA,MF,28-010,6,0,92,0,1,0,0,0,0,0.1,Brentford
Reiss Nelson,eng ENG,FW,26-032,6,0,55,0,0,0,0,0,0.6,0,Brentford
Myles Peart-Harris,eng ENG,FW,23-115,1,0,1,0,0,0,0,0,0,0,Brentford
Benjamin Arthur,eng ENG,DF,20-094,0,0,,,,,,,,,Brentford
Romelle Donovan,eng ENG,FW,19-042,0,0,,,,,,,,,Brentford
Yunus Emre Konak,tr TUR,MF,20-001,0,0,,,,,,,,,Brentford
Gustavo Nunes,br BRA,MF,20-052,0,0,,,,,,,,,Brentford
Mads Roerslev,dk DEN,"DF,MF",26-201,0,0,,,,,,,,,Brentford
Hákon Valdimarsson,is ISL,GK,24-090,0,0,,,,,,,,,Brentford
Squad Total,,,25.7,21,231,1890,34,21,5,41,0,33.8,22.7,Brentford
Opponent Total,,,26.6,21,231,1890,26,16,2,38,1,28,16.6,Brentford
Bart Verbruggen,nl NED,GK,23-146,21,21,1890,0,0,0,3,0,0,0.1,Brighton-and-Hove-Albion
Jan Paul van Hecke,nl NED,DF,25-217,20,20,1800,3,1,0,5,0,1.7,0.2,Brighton-and-Hove-Albion
Lewis Dunk,eng ENG,DF,34-051,20,19,1755,0,0,0,8,0,0.7,0.1,Brighton-and-Hove-Albion
Yankuba Minteh,gm GAM,FW,21-173,19,18,1541,1,4,0,0,0,2.7,4.5,Brighton-and-Hove-Albion
Ferdi Kadioglu,tr TUR,"DF,FW",26-096,20,17,1605,0,0,0,4,0,0.9,1.2,Brighton-and-Hove-Albion
Yasin Ayari,se SWE,MF,22-097,19,16,1521,2,1,0,0,0,2.4,0.9,Brighton-and-Hove-Albion
Georginio Rutter,fr FRA,"MF,FW",23-266,19,16,1337,2,2,0,2,0,1.9,2.7,Brighton-and-Hove-Albion
Diego Gómez,py PAR,"MF,FW",22-290,19,15,1271,3,0,0,5,0,4.5,1.5,Brighton-and-Hove-Albion
Carlos Baleba,cm CMR,MF,22-008,16,14,896,0,0,0,4,0,0.2,0.1,Brighton-and-Hove-Albion
Mats Wieffer,nl NED,DF,26-056,16,13,1181,0,3,0,4,0,1.2,3.1,Brighton-and-Hove-Albion
Danny Welbeck,eng ENG,FW,35-046,20,12,1121,8,0,1,3,0,7.2,0.3,Brighton-and-Hove-Albion
Maxim De Cuyper,be BEL,"DF,FW",25-020,18,12,979,2,0,0,2,0,1.5,1.6,Brighton-and-Hove-Albion
Kaoru Mitoma,jp JPN,FW,28-236,11,8,747,2,1,0,2,0,1.3,2.1,Brighton-and-Hove-Albion
Brajan Gruda,de GER,"MF,FW",21-225,17,7,654,1,1,0,2,0,1.7,0.9,Brighton-and-Hove-Albion
Jack Hinshelwood,eng ENG,"MF,DF",20-275,12,6,595,1,1,0,0,0,0.4,0.2,Brighton-and-Hove-Albion
Joël Veltman,nl NED,DF,33-361,11,6,587,1,0,0,3,0,0.9,0.3,Brighton-and-Hove-Albion
James Milner,eng ENG,MF,40-007,12,2,307,1,1,1,2,0,0.8,0.2,Brighton-and-Hove-Albion
Diego Coppola,it ITA,DF,22-014,5,2,194,0,0,0,2,0,0,0,Brighton-and-Hove-Albion
Matt O'Riley,dk DEN,MF,25-051,2,2,177,1,0,1,0,0,1.2,0.2,Brighton-and-Hove-Albion
Olivier Boscagli,fr FRA,DF,28-054,3,2,143,0,0,0,1,0,0,0,Brighton-and-Hove-Albion
Charalampos Kostoulas,gr GRE,"FW,MF",18-226,11,1,176,1,1,0,1,0,1.3,0.9,Brighton-and-Hove-Albion
Stefanos Tzimas,gr GRE,"FW,MF",20-005,9,1,139,1,1,0,0,0,0.5,0.5,Brighton-and-Hove-Albion
Pascal Groß,de GER,MF,34-210,2,1,110,0,0,0,1,0,0.1,0,Brighton-and-Hove-Albion
Tom Watson,eng ENG,FW,19-278,6,0,62,0,0,0,1,0,0,0,Brighton-and-Hove-Albion
Joe Knight,eng ENG,MF,20-112,1,0,1,0,0,0,0,0,0,0,Brighton-and-Hove-Albion
Nehemiah Oriola,eng ENG,MF,18-214,1,0,1,0,0,0,0,0,0,0,Brighton-and-Hove-Albion
Harry Howell,eng ENG,FW,17-104,0,0,,,,,,,,,Brighton-and-Hove-Albion
Freddie Simmonds,eng ENG,DF,17-308,0,0,,,,,,,,,Brighton-and-Hove-Albion
Jason Steele,eng ENG,GK,35-146,0,0,,,,,,,,,Brighton-and-Hove-Albion
Charlie Tasker,eng ENG,DF,19-321,0,0,,,,,,,,,Brighton-and-Hove-Albion
Squad Total,,,25.9,21,231,1890,30,17,3,55,0,32.7,21.6,Brighton-and-Hove-Albion
Opponent Total,,,26.7,21,231,1890,25,18,4,44,1,30,21.2,Brighton-and-Hove-Albion
Martin Dúbravka,sk SVK,GK,36-361,21,21,1890,0,0,0,0,0,0,0,Burnley
Kyle Walker,eng ENG,"DF,MF",35-228,20,20,1786,0,1,0,7,0,0.1,0.5,Burnley
Maxime Estève,fr FRA,DF,23-230,18,18,1535,0,0,0,0,0,0.4,0.4,Burnley
Josh Cullen,ie IRL,MF,29-279,18,18,1514,2,2,0,2,0,0.9,2.1,Burnley
Quilindschy Hartman,nl NED,DF,24-058,15,15,1337,0,4,0,1,0,0.2,1.5,Burnley
Florentino Luís,pt POR,MF,26-145,17,15,1314,0,1,0,3,0,0.5,0.4,Burnley
Lesley Ugochukwu,fr FRA,MF,21-291,20,15,1286,3,0,0,2,1,2.1,0.3,Burnley
Jaidon Anthony,eng ENG,"MF,FW",26-041,20,15,1256,5,1,0,3,0,2.5,0.6,Burnley
Hjalmar Ekdal,se SWE,DF,27-082,14,13,1162,0,0,0,0,0,0.3,0.1,Burnley
Josh Laurent,eng ENG,"DF,MF",30-250,18,11,1060,1,0,0,3,0,0.4,0.4,Burnley
Lyle Foster,za RSA,FW,25-130,14,11,883,2,1,0,3,0,1.6,0.8,Burnley
Jacob Bruun Larsen,dk DEN,"FW,MF",27-114,18,9,861,0,1,0,0,0,1.2,1.4,Burnley
Loum Tchaouna,fr FRA,"MF,FW",22-125,16,9,759,1,0,0,1,0,0.8,0.3,Burnley
Axel Tuanzebe,cd COD,DF,28-058,8,8,706,0,0,0,1,0,0,0,Burnley
Zian Flemming,nl NED,FW,27-163,15,8,667,5,0,2,3,0,3.2,0.2,Burnley
Armando Broja,al ALB,FW,24-123,15,6,635,1,1,0,0,0,1.9,0.3,Burnley
Lucas,br BRA,"DF,MF",24-293,7,6,502,0,0,0,0,1,0.3,0.3,Burnley
Hannibal Mejbri,tn TUN,MF,22-355,14,5,460,0,1,0,4,0,0.3,1.1,Burnley
Marcus Edwards,eng ENG,"FW,MF",27-039,11,3,403,0,2,0,0,0,0.7,1.9,Burnley
Bashir Humphreys,eng ENG,DF,22-302,5,3,349,0,0,0,1,0,0.1,0,Burnley
Oliver Sonne,pe PER,"DF,FW",25-062,7,1,169,1,0,0,0,0,0.6,0,Burnley
Joe Worrall,eng ENG,DF,29-001,6,1,157,0,0,0,0,0,0,0,Burnley
Mike Trésor,be BEL,"MF,FW",26-228,4,0,23,0,0,0,0,0,0,0,Burnley
Ashley Barnes,eng ENG,FW,36-073,2,0,11,0,0,0,0,0,0.1,0,Burnley
Jaydon Amauri Banel,nl NED,MF,21-084,1,0,10,0,0,0,0,0,0,0,Burnley
Enock Agyei,be BEL,FW,20-363,0,0,,,,,,,,,Burnley
George Brierley,eng ENG,MF,18-052,0,0,,,,,,,,,Burnley
Oliver Pimlott,eng ENG,MF,18-279,0,0,,,,,,,,,Burnley
Aaron Ramsey,eng ENG,MF,22-355,0,0,,,,,,,,,Burnley
Max Weiß,de GER,GK,21-210,0,0,,,,,,,,,Burnley
Squad Total,,,27.7,21,231,1890,21,15,2,34,2,17.9,12.6,Burnley
Opponent Total,,,26.6,21,231,1890,38,21,5,25,0,41,28.1,Burnley
Trevoh Chalobah,eng ENG,DF,26-190,20,20,1740,3,0,0,3,1,1.1,0.1,Chelsea
Robert Sánchez,es ESP,GK,28-054,20,20,1714,0,1,0,2,1,0,0.8,Chelsea
Enzo Fernández,ar ARG,MF,24-359,20,19,1701,6,1,1,5,0,7.8,4.9,Chelsea
Pedro Neto,pt POR,FW,25-308,21,19,1639,5,3,0,2,0,3.6,4,Chelsea
Marc Cucurella,es ESP,DF,27-173,19,18,1525,0,2,0,3,1,0.6,1.7,Chelsea
João Pedro,br BRA,"FW,MF",24-107,21,18,1525,6,3,0,2,0,6.5,2.8,Chelsea
Moisés Caicedo,ec ECU,MF,24-070,16,15,1342,3,1,0,5,1,0.9,1.1,Chelsea
Reece James,eng ENG,"DF,MF",26-034,20,14,1365,2,4,0,4,0,0.9,3.2,Chelsea
Malo Gusto,fr FRA,"DF,MF",22-237,19,13,1221,2,2,0,3,1,1.2,1.2,Chelsea
Alejandro Garnacho,ar ARG,FW,21-194,13,10,761,1,3,0,1,0,1.9,3.1,Chelsea
Wesley Fofana,fr FRA,DF,25-025,10,9,758,0,0,0,1,0,0.2,0,Chelsea
Cole Palmer,eng ENG,"MF,FW",23-250,11,9,664,3,0,1,1,0,2.7,0.2,Chelsea
Estêvão Willian,br BRA,FW,18-262,17,8,610,1,1,0,3,0,2.3,2,Chelsea
Liam Delap,eng ENG,FW,22-337,12,8,575,1,0,0,2,0,2.4,0.1,Chelsea
Tosin Adarabioyo,eng ENG,DF,28-109,10,6,651,0,0,0,2,0,0.1,0.7,Chelsea
Joshua Acheampong,eng ENG,DF,19-251,8,6,470,1,0,0,0,0,0.6,0.1,Chelsea
Andrey Santos,br BRA,MF,21-253,15,5,520,0,0,0,3,0,1.7,0.2,Chelsea
Jamie Gittens,eng ENG,FW,21-156,14,4,453,0,2,0,0,0,0.8,0.7,Chelsea
Benoît Badiashile,fr FRA,DF,24-291,6,4,336,0,0,0,2,0,0,0,Chelsea
Jorrel Hato,nl NED,DF,19-310,6,2,260,0,0,0,2,0,0.2,0.2,Chelsea
Marc Guiu,es ESP,FW,20-007,7,1,238,0,1,0,1,0,1.4,1,Chelsea
Filip Jørgensen,dk DEN,GK,23-270,2,1,174,0,0,0,0,0,0,0,Chelsea
Roméo Lavia,be BEL,MF,22-005,4,1,108,0,0,0,0,0,0,0,Chelsea
Facundo Buonanotte,ar ARG,MF,21-019,1,1,45,0,0,0,0,0,0,0.3,Chelsea
Tyrique George,eng ENG,FW,19-341,4,0,145,0,0,0,2,0,0.3,0,Chelsea
Landon Emenalo,eng ENG,MF,17-358,0,0,,,,,,,,,Chelsea
Dario Essugo,pt POR,MF,20-303,0,0,,,,,,,,,Chelsea
Max Merrick,eng ENG,GK,20-062,0,0,,,,,,,,,Chelsea
Gaga Slonina,us USA,GK,21-241,0,0,,,,,,,,,Chelsea
Squad Total,,,24.7,21,231,1890,34,24,2,49,5,36.8,28.4,Chelsea
Opponent Total,,,27,21,231,1890,24,16,0,48,1,28.4,20.5,Chelsea
Dean Henderson,eng ENG,GK,28-305,21,21,1890,0,0,0,2,0,0,0,Crystal-Palace
Maxence Lacroix,fr FRA,DF,25-280,21,21,1890,0,2,0,3,0,1,1.1,Crystal-Palace
Tyrick Mitchell,eng ENG,DF,26-132,21,21,1883,1,0,0,4,0,0.7,1.4,Crystal-Palace
Jean-Philippe Mateta,fr FRA,FW,28-197,21,21,1730,8,0,3,2,0,11.3,0.6,Crystal-Palace
Marc Guéhi,eng ENG,DF,25-182,20,20,1800,2,2,0,4,0,2,1.5,Crystal-Palace
Adam Wharton,eng ENG,MF,21-339,19,19,1562,0,2,0,2,0,1,3.9,Crystal-Palace
Chris Richards,us USA,DF,25-289,17,17,1522,0,0,0,0,0,0.4,0.3,Crystal-Palace
Yeremi Pino,es ESP,MF,23-083,19,17,1348,1,1,0,3,0,3.4,3.6,Crystal-Palace
Daniel Muñoz,co COL,"DF,MF",29-230,14,14,1259,3,2,0,4,0,1.8,2.5,Crystal-Palace
Daichi Kamada,jp JPN,MF,29-159,14,14,1164,0,0,0,1,0,0.9,1.2,Crystal-Palace
Ismaila Sarr,sn SEN,"MF,FW",27-320,12,12,1008,3,1,0,1,0,4.1,1,Crystal-Palace
Will Hughes,eng ENG,MF,30-269,18,10,874,0,0,0,4,0,0.7,0.9,Crystal-Palace
Jefferson Lerma,co COL,"MF,DF",31-078,18,7,760,0,1,0,4,0,0.6,0.7,Crystal-Palace
Nathaniel Clyne,eng ENG,DF,34-281,7,6,418,0,1,0,0,0,0.5,1.1,Crystal-Palace
Justin Devenny,nir NIR,"MF,DF",22-092,17,4,513,1,0,1,0,0,2.6,0.3,Crystal-Palace
Eddie Nketiah,eng ENG,"MF,FW",26-226,12,2,424,2,0,0,2,0,1.9,0.9,Crystal-Palace
Jaydee Canvot,fr FRA,DF,19-166,8,2,293,0,0,0,0,0,0,0,Crystal-Palace
Brennan Johnson,wls WAL,MF,24-233,2,2,161,0,0,0,2,0,0.5,0.2,Crystal-Palace
Eberechi Eze,eng ENG,MF,27-196,1,1,83,0,0,0,0,0,0.2,0,Crystal-Palace
Christantus Uche,ng NGA,"MF,FW",22-237,10,0,119,0,0,0,0,0,0.2,0,Crystal-Palace
Romain Esse,eng ENG,"FW,MF",20-243,4,0,44,0,0,0,0,0,0,0,Crystal-Palace
Borna Sosa,hr CRO,DF,27-355,4,0,29,0,0,0,0,0,0,0.1,Crystal-Palace
Joél Drakes-Thomas,eng ENG,MF,16-216,2,0,9,0,0,0,0,0,0,0,Crystal-Palace
Kaden Rodney,eng ENG,MF,21-096,1,0,4,0,0,0,0,0,0,0,Crystal-Palace
Odsonne Édouard,fr FRA,FW,27-360,1,0,3,0,0,0,0,0,0,0,Crystal-Palace
Dean Benamar,eng ENG,DF,17-225,0,0,,,,,,,,,Crystal-Palace
Walter Benítez,ar ARG,GK,32-357,0,0,,,,,,,,,Crystal-Palace
Rio Cardines,tt TRI,MF,19-194,0,0,,,,,,,,,Crystal-Palace
Ben Casey,eng ENG,FW,18-042,0,0,,,,,,,,,Crystal-Palace
George King,eng ENG,DF,18-297,0,0,,,,,,,,,Crystal-Palace
Remi Matthews,eng ENG,GK,31-335,0,0,,,,,,,,,Crystal-Palace
Jesurun Rak Sakyi,eng ENG,"FW,MF",23-098,0,0,,,,,,,,,Crystal-Palace
Squad Total,,,26.8,21,231,1890,21,12,4,38,0,33.2,21.3,Crystal-Palace
Opponent Total,,,27,21,231,1890,23,12,2,40,0,27.4,16.3,Crystal-Palace
Jordan Pickford,eng ENG,GK,31-310,21,21,1890,0,0,0,0,0,0,0,Everton
James Tarkowski,eng ENG,DF,33-053,21,21,1890,0,1,0,4,0,1.3,1.2,Everton
James Garner,eng ENG,"MF,DF",24-304,21,21,1883,2,3,0,4,0,1.5,2.9,Everton
Jake O'Brien,ie IRL,DF,24-241,21,19,1760,0,1,0,1,0,0.6,0.3,Everton
Michael Keane,eng ENG,DF,33-000,19,19,1676,3,0,0,0,1,1.6,0.1,Everton
Vitaliy Mykolenko,ua UKR,DF,26-227,18,18,1615,0,0,0,4,0,0.2,0.6,Everton
Jack Grealish,eng ENG,FW,30-123,19,17,1537,2,6,0,5,1,2.1,4.1,Everton
Iliman Ndiaye,sn SEN,FW,25-311,16,16,1341,4,2,1,2,0,3.2,2.6,Everton
Kiernan Dewsbury-Hall,eng ENG,MF,27-127,15,15,1257,4,2,0,5,0,1.6,2.9,Everton
Thierno Barry,fr FRA,FW,23-082,21,13,1105,3,0,0,2,0,3.5,0.4,Everton
Idrissa Gana Gueye,sn SEN,MF,36-107,13,13,1051,2,0,0,0,1,1.1,0.3,Everton
Tim Iroegbunam,eng ENG,MF,22-195,17,11,929,0,2,0,7,0,0.4,0.6,Everton
Beto,gw GNB,FW,27-345,21,8,835,2,0,0,1,0,4.7,0.4,Everton
Carlos Alcaraz,ar ARG,"MF,FW",23-042,15,6,663,0,1,0,3,0,1.1,0.8,Everton
Dwight McNeil,eng ENG,"FW,MF",26-050,12,5,486,0,1,0,0,0,0.4,0.8,Everton
Tyler Dibling,eng ENG,FW,19-305,11,4,326,0,0,0,2,0,0.2,0.2,Everton
Merlin Röhl,de GER,MF,23-190,9,1,269,0,0,0,0,0,0.5,0.2,Everton
Harrison Armstrong,eng ENG,MF,18-357,3,1,101,0,0,0,0,0,0,0,Everton
Nathan Patterson,sct SCO,DF,24-087,3,1,78,0,0,0,0,0,0,0,Everton
Séamus Coleman,ie IRL,"DF,FW",37-092,3,1,11,0,0,0,0,0,0,0,Everton
Adam Aznou,ma MAR,DF,19-223,0,0,,,,,,,,,Everton
Callum Bates,eng ENG,MF,20-105,0,0,,,,,,,,,Everton
Elijah Campbell,eng ENG,DF,21-162,0,0,,,,,,,,,Everton
Youssef Chermiti,pt POR,FW,21-232,0,0,,,,,,,,,Everton
Braiden Graham,nir NIR,FW,18-065,0,0,,,,,,,,,Everton
Tom King,wls WAL,GK,30-308,0,0,,,,,,,,,Everton
Tyler Onyango,eng ENG,MF,22-313,0,0,,,,,,,,,Everton
Mark Travers,ie IRL,GK,26-238,0,0,,,,,,,,,Everton
Harry Tyrer,eng ENG,GK,24-036,0,0,,,,,,,,,Everton
Reece Welch,eng ENG,DF,22-114,0,0,,,,,,,,,Everton
Squad Total,,,28,21,231,1890,22,19,1,40,3,23.6,18.3,Everton
Opponent Total,,,26.4,21,231,1890,25,22,2,37,0,30.2,21.5,Everton
Bernd Leno,de GER,GK,33-313,21,21,1890,0,0,0,3,0,0,0,Fulham
Joachim Andersen,dk DEN,DF,29-225,20,20,1751,0,0,0,4,0,0.8,0.8,Fulham
Sander Berge,no NOR,MF,27-331,21,20,1722,0,1,0,3,0,0.6,1.5,Fulham
Harry Wilson,wls WAL,"FW,MF",28-295,20,18,1496,7,4,0,5,0,3.8,2.5,Fulham
Kenny Tete,nl NED,DF,30-094,16,16,1345,1,0,0,2,0,0.4,0.6,Fulham
Alex Iwobi,ng NGA,"MF,FW",29-253,16,16,1328,2,2,0,2,0,0.8,2.1,Fulham
Raúl Jiménez,mx MEX,FW,34-251,20,16,1310,5,3,1,4,0,5.6,1.3,Fulham
Calvin Bassey,ng NGA,DF,26-011,16,15,1359,1,0,0,3,0,0.6,0.1,Fulham
Saša Lukić,rs SRB,MF,29-151,18,14,1145,1,2,0,5,0,1.8,1.6,Fulham
Ryan Sessegnon,eng ENG,DF,25-238,14,13,1124,2,0,0,0,0,0.9,1.2,Fulham
Joshua King,eng ENG,"MF,FW",19-008,18,11,870,0,1,0,3,0,1.2,0.4,Fulham
Emile Smith Rowe,eng ENG,MF,25-167,21,9,914,3,0,0,1,0,2.9,0.5,Fulham
Timothy Castagne,be BEL,"DF,FW",30-037,16,8,769,0,0,0,2,0,0.9,0.5,Fulham
Jorge Cuenca,es ESP,DF,26-055,8,7,574,0,0,0,3,0,0,0,Fulham
Kevin,br BRA,"FW,MF",23-007,17,6,714,0,1,0,1,0,0.9,1,Fulham
Antonee Robinson,us USA,DF,28-156,9,6,586,0,0,0,0,0,0.2,0.9,Fulham
Issa Diop,fr FRA,DF,29-002,7,4,413,0,0,0,1,0,0,0,Fulham
Rodrigo Muniz,br BRA,FW,24-252,7,4,352,1,1,0,1,0,1,0.3,Fulham
Tom Cairney,sct SCO,MF,34-356,13,3,408,1,0,0,2,0,0.6,0.1,Fulham
Samuel Chukwueze,ng NGA,FW,26-234,9,3,398,2,4,0,0,0,1,1.7,Fulham
Adama Traoré,es ESP,"FW,MF",29-351,15,1,274,0,0,0,0,0,0.2,0.5,Fulham
Jonah Kusi-Asare,se SWE,FW,18-191,4,0,31,0,0,0,0,0,0,0,Fulham
Harrison Reed,eng ENG,MF,30-349,4,0,17,1,0,0,0,0,0,0,Fulham
Samuel Amissah,eng ENG,DF,18-310,0,0,,,,,,,,,Fulham
Benjamin Lecomte,fr FRA,GK,34-260,0,0,,,,,,,,,Fulham
Alfie McNally,eng ENG,GK,21-020,0,0,,,,,,,,,Fulham
Andreas Pereira,br BRA,MF,30-010,0,0,,,,,,,,,Fulham
Seth Ridgeon,eng ENG,MF,17-121,0,0,,,,,,,,,Fulham
Squad Total,,,28.7,21,231,1890,27,19,1,45,0,23.6,17.2,Fulham
Opponent Total,,,26.5,21,231,1890,28,19,2,32,2,29,20.1,Fulham
Gabriel Gudmundsson,se SWE,DF,26-257,21,20,1740,0,0,0,2,0,0.9,2,Leeds-United
Joe Rodon,wls WAL,DF,28-081,19,19,1649,2,0,0,1,0,0.9,0.4,Leeds-United
Pascal Struijk,nl NED,DF,26-153,19,18,1629,0,1,0,3,0,2,0.6,Leeds-United
Ethan Ampadu,wls WAL,MF,25-119,18,18,1589,1,0,0,6,0,1.6,0.1,Leeds-United
Jayden Bogle,eng ENG,DF,25-168,19,18,1580,0,1,0,4,0,1.2,0.7,Leeds-United
Anton Stach,de GER,MF,27-057,19,18,1530,3,2,0,2,0,2.1,3.8,Leeds-United
Lucas Perri,br BRA,GK,28-032,16,16,1440,0,0,0,2,0,0,0,Leeds-United
Dominic Calvert-Lewin,eng ENG,FW,28-301,19,14,1311,9,1,2,1,0,8.1,1.3,Leeds-United
Brenden Aaronson,us USA,"FW,MF",25-081,20,14,1245,4,3,0,1,0,2.9,2.8,Leeds-United
Noah Okafor,ch SUI,"FW,MF",25-232,18,13,1036,2,0,0,2,0,2.7,1,Leeds-United
Jaka Bijol,si SVN,DF,26-340,12,11,982,1,1,0,1,0,0.5,0.5,Leeds-United
Sean Longstaff,eng ENG,MF,28-073,12,10,878,1,2,0,1,0,0.7,2.1,Leeds-United
Ao Tanaka,jp JPN,MF,27-123,18,7,711,2,0,0,1,0,0.8,0.6,Leeds-United
Ilia Gruev,bg BUL,MF,25-250,12,7,652,0,1,0,1,0,0,0.3,Leeds-United
Lukas Nmecha,de GER,FW,27-028,18,6,603,4,0,1,0,0,4.4,0.2,Leeds-United
Karl Darlow,wls WAL,GK,35-095,5,5,450,0,0,0,0,0,0,0,Leeds-United
James Justin,eng ENG,"DF,FW",27-322,12,4,437,0,0,0,1,0,0.1,0,Leeds-United
Daniel James,wls WAL,FW,28-062,10,4,354,0,0,0,0,0,0.7,0.6,Leeds-United
Wilfried Gnonto,it ITA,"FW,MF",22-067,12,4,324,0,1,0,2,0,0.2,0.6,Leeds-United
Joël Piroe,nl NED,"FW,MF",26-162,10,2,209,0,0,0,0,0,0.7,0,Leeds-United
Sebastiaan Bornauw,be BEL,DF,26-295,5,2,164,0,0,0,0,0,0,0,Leeds-United
Jack Harrison,eng ENG,"FW,DF",29-052,11,1,269,0,0,0,0,0,0.3,0.4,Leeds-United
Sam Byram,eng ENG,DF,32-117,1,0,8,0,0,0,0,0,0,0,Leeds-United
Samuel Chambers,eng ENG,MF,18-146,0,0,,,,,,,,,Leeds-United
Harry Gray,eng ENG,FW,17-095,0,0,,,,,,,,,Leeds-United
Illan Meslier,fr FRA,GK,25-315,0,0,,,,,,,,,Leeds-United
Largie Ramazani,be BEL,"FW,MF",24-318,0,0,,,,,,,,,Leeds-United
Squad Total,,,27,21,231,1890,29,13,3,31,0,29.5,17.7,Leeds-United
Opponent Total,,,26.5,21,231,1890,36,24,4,34,0,30.5,21,Leeds-United
Virgil van Dijk,nl NED,DF,34-187,21,21,1890,0,0,0,3,0,0.9,0.2,Liverpool
Ibrahima Konaté,fr FRA,DF,26-231,21,21,1786,0,0,0,5,0,0.8,0.5,Liverpool
Dominik Szoboszlai,hu HUN,"MF,DF",25-078,20,20,1792,2,1,0,5,0,2.4,2.6,Liverpool
Ryan Gravenberch,nl NED,MF,23-240,19,19,1681,4,2,0,3,0,1,1.5,Liverpool
Milos Kerkez,hu HUN,DF,22-065,20,17,1416,1,0,0,3,0,1,1,Liverpool
Alexis Mac Allister,ar ARG,MF,27-018,20,17,1389,0,2,0,3,0,1.7,1.5,Liverpool
Alisson,br BRA,GK,33-101,16,16,1440,0,0,0,0,0,0,0,Liverpool
Florian Wirtz,de GER,"MF,FW",22-253,20,16,1405,2,1,0,1,0,4.1,2.3,Liverpool
Cody Gakpo,nl NED,FW,26-249,19,15,1345,5,3,0,1,0,4.8,3.7,Liverpool
Hugo Ekitike,fr FRA,FW,23-205,18,13,1132,8,2,0,0,0,5.8,1.5,Liverpool
Mohamed Salah,eg EGY,"FW,MF",33-210,14,12,1183,4,3,1,1,0,4.5,3,Liverpool
Conor Bradley,nir NIR,DF,22-186,15,12,929,0,1,0,5,0,0.2,1.1,Liverpool
Curtis Jones,eng ENG,MF,24-346,18,9,972,0,0,0,1,0,0.8,1,Liverpool
Alexander Isak,se SWE,FW,26-112,10,6,504,2,1,0,0,0,2,0.6,Liverpool
Giorgi Mamardashvili,ge GEO,GK,25-104,5,5,450,0,0,0,0,0,0,0,Liverpool
Andrew Robertson,sct SCO,DF,31-306,12,4,488,0,0,0,0,0,0.2,0.6,Liverpool
Jeremie Frimpong,nl NED,"FW,DF",25-032,9,4,394,0,1,0,0,0,0.1,1.3,Liverpool
Joe Gomez,eng ENG,DF,28-233,10,3,251,0,2,0,2,0,0.2,0.7,Liverpool
Federico Chiesa,it ITA,"FW,MF",28-078,15,1,240,2,1,0,2,0,1.2,1.3,Liverpool
Rio Ngumoha,eng ENG,"FW,MF",17-135,6,0,53,1,0,0,0,0,0.4,0.2,Liverpool
Wataru Endo,jp JPN,"MF,DF",32-336,5,0,47,0,1,0,1,0,0,0.1,Liverpool
Trey Nyoni,eng ENG,FW,18-195,2,0,2,0,0,0,0,0,0,0,Liverpool
Harvey Elliott,eng ENG,"MF,FW",22-282,1,0,1,0,0,0,0,0,0,0,Liverpool
Giovanni Leoni,it ITA,DF,19-021,0,0,,,,,,,,,Liverpool
Kieran Morrison,nir NIR,MF,19-063,0,0,,,,,,,,,Liverpool
Wellity Omoruyi,es ESP,DF,19-364,0,0,,,,,,,,,Liverpool
Ármin Pécsi,hu HUN,GK,20-321,0,0,,,,,,,,,Liverpool
Calvin Ramsay,sct SCO,DF,22-164,0,0,,,,,,,,,Liverpool
Freddie Woodman,eng ENG,GK,28-313,0,0,,,,,,,,,Liverpool
Squad Total,,,27,21,231,1890,31,21,1,36,0,31.9,24.5,Liverpool
Opponent Total,,,26.7,21,231,1890,28,18,2,42,5,23.8,16.1,Liverpool
Erling Haaland,no NOR,FW,25-174,21,21,1821,20,4,2,0,0,18.8,2.7,Manchester-City
Rúben Dias,pt POR,DF,28-242,20,19,1706,2,0,0,2,0,0.5,0.1,Manchester-City
Gianluigi Donnarumma,it ITA,GK,26-320,18,18,1620,0,0,0,5,0,0,0,Manchester-City
Phil Foden,eng ENG,MF,25-228,19,18,1567,7,2,0,3,0,5.1,3.3,Manchester-City
Matheus Nunes,pt POR,DF,27-137,19,17,1576,1,3,0,3,0,0.3,0.8,Manchester-City
Bernardo Silva,pt POR,MF,31-154,21,17,1496,0,2,0,5,0,0.6,2.3,Manchester-City
Nico O’Reilly,eng ENG,DF,20-296,20,16,1479,1,3,0,3,0,2.1,2.6,Manchester-City
Tijjani Reijnders,nl NED,MF,27-166,20,16,1336,5,2,0,2,0,3.7,2.4,Manchester-City
Nicolás González,es ESP,MF,24-008,19,15,1335,1,0,0,4,0,0.6,0.6,Manchester-City
Joško Gvardiol,hr CRO,DF,23-353,16,15,1302,2,2,0,2,0,2.3,0.4,Manchester-City
Jeremy Doku,be BEL,"MF,FW",23-229,18,12,1089,1,4,0,0,0,1.7,6.4,Manchester-City
Rayan Cherki,fr FRA,"MF,FW",22-147,16,10,840,2,7,0,1,0,1.7,5.7,Manchester-City
Sávio,br BRA,"MF,FW",21-276,15,5,541,0,1,0,1,0,1,0.7,Manchester-City
Oscar Bobb,no NOR,"MF,FW",22-183,9,5,468,0,1,0,1,0,0.4,0.7,Manchester-City
Rodri,es ESP,MF,29-203,9,5,455,0,0,0,0,0,0.1,0.9,Manchester-City
Abdukodir Khusanov,uz UZB,DF,21-316,7,4,382,0,0,0,1,0,0,0,Manchester-City
John Stones,eng ENG,DF,31-228,7,4,353,0,0,0,0,0,0,0.1,Manchester-City
Nathan Aké,nl NED,DF,30-327,11,3,401,0,0,0,1,0,0.3,0.4,Manchester-City
James Trafford,eng ENG,GK,23-093,3,3,270,0,0,0,0,0,0,0,Manchester-City
Rayan Aït-Nouri,dz ALG,DF,24-219,5,3,204,0,0,0,1,0,0,0.2,Manchester-City
Rico Lewis,eng ENG,"DF,MF",21-051,9,2,227,0,1,0,0,0,0,1.3,Manchester-City
Omar Marmoush,eg EGY,"FW,MF",26-338,10,2,211,0,1,0,0,0,1.2,1,Manchester-City
Max Alleyne,eng ENG,DF,20-174,1,1,90,0,0,0,0,0,0.2,0,Manchester-City
Divine Mukasa,eng ENG,MF,18-142,1,0,16,0,0,0,0,0,0,0.1,Manchester-City
Mateo Kovačić,hr CRO,MF,31-250,1,0,5,0,0,0,0,0,0,0,Manchester-City
Manuel Akanji,ch SUI,"DF,MF",30-176,0,0,,,,,,,,,Manchester-City
Ederson,br BRA,GK,32-147,0,0,,,,,,,,,Manchester-City
Charlie Gray,eng ENG,MF,19-323,0,0,,,,,,,,,Manchester-City
İlkay Gündoğan,de GER,MF,35-079,0,0,,,,,,,,,Manchester-City
Reigan Heskey,eng ENG,FW,17-358,0,0,,,,,,,,,Manchester-City
Ryan Mcaidoo,eng ENG,FW,17-201,0,0,,,,,,,,,Manchester-City
Stephen Mfuni,eng ENG,DF,17-333,0,0,,,,,,,,,Manchester-City
Stefan Ortega,de GER,GK,33-066,0,0,,,,,,,,,Manchester-City
Squad Total,,,25.8,21,231,1890,42,33,2,35,0,39.6,32.3,Manchester-City
Opponent Total,,,26.6,21,231,1890,19,9,1,39,1,23.1,13.8,Manchester-City
Luke Shaw,eng ENG,DF,30-183,21,21,1817,0,1,0,3,0,0.1,0.8,Manchester-United
Bruno Fernandes,pt POR,MF,31-125,18,18,1535,5,8,2,2,0,7,5.7,Manchester-United
Casemiro,br BRA,MF,33-322,19,18,1301,4,1,0,7,1,3.1,2,Manchester-United
Diogo Dalot,pt POR,DF,26-299,19,16,1407,1,2,0,2,0,1.3,2.3,Manchester-United
Bryan Mbeumo,cm CMR,MF,26-157,16,16,1403,6,1,0,3,0,5.5,3.1,Manchester-United
Matheus Cunha,br BRA,"MF,FW",26-229,18,16,1372,4,1,0,1,0,5.1,1.5,Manchester-United
Senne Lammens,be BEL,GK,23-188,15,15,1350,0,0,0,0,0,0,0,Manchester-United
Amad Diallo,ci CIV,"DF,MF",23-184,15,14,1203,2,2,0,1,0,3.7,3,Manchester-United
Matthijs de Ligt,nl NED,DF,26-152,13,13,1170,1,0,0,0,0,1.5,0.6,Manchester-United
Patrick Dorgu,dk DEN,"DF,FW",21-077,20,12,1165,1,3,0,5,0,1.2,2.5,Manchester-United
Leny Yoro,fr FRA,DF,20-059,21,12,1141,0,0,0,0,0,0.7,0,Manchester-United
Benjamin Šeško,si SVN,FW,22-225,17,11,1044,4,1,0,1,0,5,0.4,Manchester-United
Mason Mount,eng ENG,MF,27-001,16,10,815,3,0,0,0,0,1.5,1.1,Manchester-United
Ayden Heaven,eng ENG,DF,19-111,10,8,637,0,1,0,1,0,0.3,0.4,Manchester-United
Manuel Ugarte,uy URU,MF,24-275,15,7,727,0,0,0,1,0,0.3,0.2,Manchester-United
Altay Bayındır,tr TUR,GK,27-272,6,6,540,0,0,0,0,0,0,0.2,Manchester-United
Noussair Mazraoui,ma MAR,DF,28-058,9,6,442,0,0,0,1,0,0,0.1,Manchester-United
Joshua Zirkzee,nl NED,"FW,MF",24-234,14,4,490,2,1,0,1,0,1.9,0.9,Manchester-United
Lisandro Martínez,ar ARG,DF,27-358,9,4,458,0,0,0,0,0,0.1,0.6,Manchester-United
Harry Maguire,eng ENG,DF,32-312,8,4,345,1,1,0,0,0,0.3,0.4,Manchester-United
Kobbie Mainoo,eng ENG,MF,20-267,12,0,238,0,0,0,0,0,0.1,0.3,Manchester-United
Jack Fletcher,eng ENG,"MF,FW",18-298,3,0,108,0,0,0,0,0,0,0.1,Manchester-United
Bendito Mantato,eng ENG,FW,17-351,1,0,16,0,0,0,0,0,0,0.1,Manchester-United
Shea Lacey,eng ENG,"FW,DF",18-272,2,0,14,0,0,0,0,0,0.1,0,Manchester-United
Tyler Fredricson,eng ENG,DF,20-322,1,0,3,0,0,0,0,0,0,0,Manchester-United
Tyrell Malacia,nl NED,DF,26-147,1,0,3,0,0,0,0,0,0,0,Manchester-United
Tyler Fletcher,sct SCO,MF,18-298,0,0,,,,,,,,,Manchester-United
Tom Heaton,eng ENG,GK,39-271,0,0,,,,,,,,,Manchester-United
Godwill Kukonki,eng ENG,DF,17-339,0,0,,,,,,,,,Manchester-United
Diego León,py PAR,DF,18-283,0,0,,,,,,,,,Manchester-United
Chidozie Obi-Martin,dk DEN,FW,18-043,0,0,,,,,,,,,Manchester-United
André Onana,cm CMR,GK,29-284,0,0,,,,,,,,,Manchester-United
Squad Total,,,26.3,21,231,1890,34,23,2,29,1,37.7,25.8,Manchester-United
Opponent Total,,,26.6,21,231,1890,31,21,1,46,2,26.5,18.8,Manchester-United
Bruno Guimarães,br BRA,MF,28-056,20,19,1748,8,3,1,4,0,3.9,2.3,Newcastle-United
Sandro Tonali,it ITA,MF,25-248,21,18,1428,0,1,0,2,0,0.7,1.9,Newcastle-United
Malick Thiaw,de GER,DF,24-156,18,17,1488,3,0,0,3,0,1.8,0.3,Newcastle-United
Nick Woltemade,de GER,FW,23-331,18,16,1259,7,2,1,0,0,6.1,1.2,Newcastle-United
Nick Pope,eng ENG,GK,33-267,15,15,1336,0,0,0,1,0,0,0,Newcastle-United
Dan Burn,eng ENG,DF,33-247,15,15,1255,0,2,0,5,1,0.1,0.3,Newcastle-United
Joelinton,br BRA,MF,29-150,17,15,1226,2,0,0,5,0,1.3,1.4,Newcastle-United
Anthony Gordon,eng ENG,FW,24-321,16,14,998,2,1,2,2,1,4.3,2.8,Newcastle-United
Jacob Murphy,eng ENG,FW,30-321,18,12,1010,2,1,0,0,0,2.8,3.5,Newcastle-United
Fabian Schär,ch SUI,DF,34-022,16,11,1091,0,0,0,1,0,1,0.2,Newcastle-United
Valentino Livramento,eng ENG,DF,23-060,13,11,1049,0,1,0,1,0,0.1,0.4,Newcastle-United
Lewis Miley,eng ENG,"MF,DF",19-255,17,10,1022,1,3,0,0,0,1.2,1.1,Newcastle-United
Lewis Hall,eng ENG,DF,21-125,14,10,944,0,1,0,1,0,0.5,1.2,Newcastle-United
Harvey Barnes,eng ENG,FW,28-033,20,9,951,5,0,0,0,0,4.5,1.4,Newcastle-United
Sven Botman,nl NED,DF,25-364,11,8,701,0,1,0,0,0,0.3,0.6,Newcastle-United
Kieran Trippier,eng ENG,DF,35-114,9,8,699,0,0,0,1,0,0,0.8,Newcastle-United
Anthony Elanga,se SWE,"FW,MF",23-259,17,7,684,0,1,0,0,0,1.1,1.1,Newcastle-United
Aaron Ramsdale,eng ENG,GK,27-242,7,6,554,0,0,0,0,0,0,0.1,Newcastle-United
Jacob Ramsey,eng ENG,MF,24-228,12,4,511,0,0,0,2,0,0.3,0.7,Newcastle-United
Yoane Wissa,cd COD,FW,29-130,7,2,246,1,0,0,1,0,1.5,0.2,Newcastle-United
Joe Willock,eng ENG,"MF,FW",26-144,11,2,241,0,0,0,1,0,0.6,0.3,Newcastle-United
William Osula,dk DEN,FW,22-160,10,1,219,1,0,0,0,0,0.6,0.1,Newcastle-United
Emil Krafth,se SWE,DF,31-162,1,1,45,0,0,0,0,0,0,0,Newcastle-United
Jamaal Lascelles,eng ENG,DF,32-061,2,0,21,0,0,0,0,0,0,0,Newcastle-United
Adedamola Alabi,eng ENG,MF,16-186,0,0,,,,,,,,,Newcastle-United
Alex Murphy,ie IRL,DF,21-200,0,0,,,,,,,,,Newcastle-United
Sean Neave,eng ENG,FW,18-229,0,0,,,,,,,,,Newcastle-United
John Ruddy,eng ENG,GK,39-079,0,0,,,,,,,,,Newcastle-United
Park Seungsoo,kr KOR,MF,18-300,0,0,,,,,,,,,Newcastle-United
Leo Shahar,eng ENG,DF,18-299,0,0,,,,,,,,,Newcastle-United
Squad Total,,,27.4,21,231,1890,32,17,4,30,2,31,21.4,Newcastle-United
Opponent Total,,,26.7,21,231,1890,25,13,3,49,2,23.3,16.4,Newcastle-United
Elliot Anderson,eng ENG,MF,23-066,21,21,1890,1,2,1,4,0,1.8,2.2,Nottingham-Forest
Nikola Milenković,rs SRB,DF,28-091,21,21,1890,0,0,0,4,0,0.8,0.3,Nottingham-Forest
Neco Williams,wls WAL,DF,24-273,21,21,1890,1,1,0,4,0,1.2,2.1,Nottingham-Forest
Morgan Gibbs-White,eng ENG,"MF,FW",25-349,21,20,1781,5,1,1,0,0,5.9,1.2,Nottingham-Forest
Matz Sels,be BEL,GK,33-319,17,16,1453,0,0,0,1,0,0,0.1,Nottingham-Forest
Murillo,br BRA,DF,23-191,15,15,1279,1,0,0,3,0,0.5,0.2,Nottingham-Forest
Dan Ndoye,ch SUI,FW,25-078,15,14,996,1,1,0,1,0,0.8,1,Nottingham-Forest
Igor Jesus,br BRA,FW,24-320,20,13,1148,1,1,0,0,0,3.4,1.2,Nottingham-Forest
Callum Hudson-Odoi,eng ENG,FW,25-065,19,11,1120,3,1,0,0,0,1.8,2.2,Nottingham-Forest
Nicolò Savona,it ITA,DF,22-298,14,11,1028,2,0,0,2,0,1.3,0.4,Nottingham-Forest
Ibrahim Sangaré,ci CIV,MF,28-040,13,11,865,2,2,0,2,0,0.7,0.9,Nottingham-Forest
Omari Hutchinson,eng ENG,FW,22-073,16,8,884,1,2,0,0,0,1.6,2.3,Nottingham-Forest
Morato,br BRA,DF,24-195,10,8,710,0,0,0,4,0,0,0,Nottingham-Forest
Nicolás Domínguez,ar ARG,"MF,FW",27-197,12,8,568,1,0,0,2,0,0.7,0.4,Nottingham-Forest
Chris Wood,nz NZL,FW,34-035,8,7,540,2,0,0,0,0,2.7,0.2,Nottingham-Forest
John,br BRA,GK,29-332,5,5,437,0,0,0,1,0,0,0,Nottingham-Forest
Ola Aina,ng NGA,DF,29-095,5,5,428,0,0,0,1,0,0.1,0.2,Nottingham-Forest
Douglas Luiz,br BRA,MF,27-247,8,5,315,0,0,0,2,0,0.1,0.7,Nottingham-Forest
Oleksandr Zinchenko,ua UKR,DF,29-027,5,4,353,0,0,0,0,0,0.1,0.5,Nottingham-Forest
Dilane Bakwa,fr FRA,FW,23-138,8,3,303,0,1,0,1,0,0.4,0.9,Nottingham-Forest
Ryan Yates,eng ENG,MF,28-051,11,1,307,0,1,0,1,0,0,0.1,Nottingham-Forest
Taiwo Awoniyi,ng NGA,FW,28-152,7,1,187,0,0,0,0,0,0.5,0.4,Nottingham-Forest
James Mcatee,eng ENG,"MF,FW",23-085,7,1,175,0,0,0,1,0,0,0.4,Nottingham-Forest
Jair Cunha,br BRA,DF,20-310,1,1,90,0,0,0,0,0,0,0,Nottingham-Forest
Arnaud Kalimuendo,fr FRA,FW,23-356,9,0,96,0,0,0,0,0,0.4,0,Nottingham-Forest
Zach Abbott,eng ENG,DF,19-243,1,0,45,0,0,0,0,0,0,0,Nottingham-Forest
Jota Silva,pt POR,FW,26-163,1,0,12,0,0,0,0,0,0,0,Nottingham-Forest
Willy Boly,ci CIV,DF,34-342,0,0,,,,,,,,,Nottingham-Forest
Angus Gunn,sct SCO,GK,29-354,0,0,,,,,,,,,Nottingham-Forest
Squad Total,,,26.2,21,231,1890,21,13,2,34,0,24.6,18,Nottingham-Forest
Opponent Total,,,26.6,21,231,1890,32,22,4,41,1,29.6,21.7,Nottingham-Forest
Robin Roefs,nl NED,GK,22-359,21,21,1890,0,0,0,2,0,0,0.4,Sunderland
Granit Xhaka,ch SUI,MF,33-106,21,21,1872,1,5,0,4,0,0.6,2,Sunderland
Trai Hume,nir NIR,"DF,MF",23-299,21,19,1743,0,1,0,5,0,0.7,1,Sunderland
Nordi Mukiele,fr FRA,DF,28-071,19,19,1710,1,1,0,3,0,0.7,1.1,Sunderland
Enzo Le Fée,fr FRA,"MF,FW",25-342,20,18,1575,2,4,2,5,0,3.2,2.6,Sunderland
Omar Alderete,py PAR,DF,29-016,17,16,1470,1,1,0,3,0,1.2,0.1,Sunderland
Noah Sadiki,cd COD,MF,21-025,16,16,1412,0,0,0,4,0,0.3,0.4,Sunderland
Daniel Ballard,nir NIR,DF,26-111,17,13,1225,2,0,0,2,0,1.4,0.7,Sunderland
Reinildo Mandava,mz MOZ,DF,31-355,12,12,1022,0,0,0,4,1,0.1,0,Sunderland
Wilson Isidor,fr FRA,FW,25-137,19,11,977,4,0,0,1,0,3.4,0,Sunderland
Lutsharel Geertruida,nl NED,"DF,MF",25-177,17,10,978,0,0,0,0,0,0.7,0.2,Sunderland
Chemsdine Talbi,ma MAR,"FW,MF",20-247,16,9,886,2,1,0,0,0,1.2,0.3,Sunderland
Simon Adingra,ci CIV,"FW,MF",24-010,14,9,653,1,0,0,2,0,0.3,0.9,Sunderland
Bertrand Traoré,bf BFA,"FW,MF",30-127,10,9,608,1,0,0,1,0,0.6,0.9,Sunderland
Brian Brobbey,nl NED,FW,23-344,16,7,707,3,1,0,1,0,1.9,0.2,Sunderland
Chris Rigg,eng ENG,"FW,MF",18-207,10,6,377,0,0,0,0,0,0.3,0.3,Sunderland
Eliezer Mayenda,es ESP,FW,20-248,12,5,498,1,0,0,0,0,0.9,0.5,Sunderland
Habib Diarra,sn SEN,MF,22-008,5,4,372,0,0,0,1,0,0.6,0,Sunderland
Dennis Cirkin,eng ENG,DF,23-280,4,3,250,0,0,0,1,0,0,0,Sunderland
Arthur Masuaku,cd COD,"DF,MF",32-065,3,2,126,0,0,0,1,0,0.1,0.1,Sunderland
Jenson Seelt,nl NED,DF,22-233,2,1,134,0,0,0,0,0,0,0,Sunderland
Romaine Mundle,eng ENG,"FW,MF",22-262,8,0,178,0,0,0,1,0,0.4,0,Sunderland
Patrick Roberts,eng ENG,"MF,FW",28-340,1,0,28,0,0,0,0,0,0,0,Sunderland
Marc Guiu,es ESP,FW,20-007,2,0,15,0,0,0,0,0,0,0,Sunderland
Dan Neil,eng ENG,MF,24-029,3,0,14,0,0,0,0,0,0,0,Sunderland
Luke O'Nien,eng ENG,"DF,MF",31-051,3,0,11,0,0,0,0,1,0,0,Sunderland
Leo Fuhr Hjelde,no NOR,DF,22-138,0,0,,,,,,,,,Sunderland
Harrison Jones,eng ENG,MF,21-017,0,0,,,,,,,,,Sunderland
Jenson Jones,eng ENG,DF,25-073,0,0,,,,,,,,,Sunderland
Anthony Patterson,eng ENG,GK,25-246,0,0,,,,,,,,,Sunderland
Timur Tuterov,ua UKR,FW,20-214,0,0,,,,,,,,,Sunderland
Squad Total,,,25.9,21,231,1890,19,14,2,41,2,18.5,11.7,Sunderland
Opponent Total,,,26.8,21,231,1890,21,17,0,35,1,30.6,23.5,Sunderland
Guglielmo Vicario,it ITA,GK,29-096,21,21,1890,0,0,0,1,0,0,0,Tottenham-Hotspur
Micky van de Ven,nl NED,DF,24-267,20,20,1789,3,1,0,5,0,2.1,0.6,Tottenham-Hotspur
Pedro Porro,es ESP,DF,26-120,21,19,1688,0,1,0,5,0,0.4,1.8,Tottenham-Hotspur
Mohammed Kudus,gh GHA,"FW,MF",25-162,19,19,1535,2,5,0,3,0,1.9,2.8,Tottenham-Hotspur
Rodrigo Bentancur,uy URU,MF,28-200,20,17,1410,1,1,0,5,0,0.5,0.8,Tottenham-Hotspur
Cristian Romero,ar ARG,DF,27-259,17,16,1457,2,1,0,9,1,1,1.1,Tottenham-Hotspur
Djed Spence,eng ENG,DF,25-155,18,16,1346,0,0,0,2,0,0.6,0.7,Tottenham-Hotspur
João Palhinha,pt POR,MF,30-186,20,14,1304,3,2,0,5,0,1,0.3,Tottenham-Hotspur
Richarlison,br BRA,FW,28-246,21,13,1283,7,3,0,4,0,4.7,2.1,Tottenham-Hotspur
Xavi Simons,nl NED,"MF,FW",22-265,15,10,924,1,3,0,2,1,0.9,1.6,Tottenham-Hotspur
Randal Kolo Muani,fr FRA,FW,27-037,14,10,836,0,0,0,2,0,1.3,0.8,Tottenham-Hotspur
Lucas Bergvall,se SWE,"MF,FW",19-343,16,10,804,1,2,0,2,0,0.9,0.3,Tottenham-Hotspur
Archie Gray,eng ENG,MF,19-305,11,8,603,1,0,0,3,0,0.7,0.1,Tottenham-Hotspur
Pape Matar Sarr,sn SEN,MF,23-119,14,7,709,2,2,0,0,0,1,0.7,Tottenham-Hotspur
Kevin Danso,at AUT,DF,27-114,12,7,585,0,0,0,4,0,0,0,Tottenham-Hotspur
Wilson Odobert,fr FRA,"FW,MF",21-044,19,6,718,0,1,0,0,0,1,1.3,Tottenham-Hotspur
Brennan Johnson,wls WAL,"FW,MF",24-233,16,6,610,2,0,0,2,0,1,0.4,Tottenham-Hotspur
Destiny Udogie,it ITA,DF,23-044,10,6,609,0,1,0,1,0,0.1,0.4,Tottenham-Hotspur
Mathys Tel,fr FRA,FW,20-259,14,5,470,3,0,0,0,0,0.6,0.1,Tottenham-Hotspur
Ben Davies,wls WAL,DF,32-262,2,1,119,1,0,0,0,0,0.5,0.1,Tottenham-Hotspur
Dominic Solanke,eng ENG,FW,28-119,2,0,33,0,0,0,0,0,0.2,0,Tottenham-Hotspur
Radu Drăgușin,ro ROU,DF,23-342,1,0,6,0,0,0,0,0,0.1,0,Tottenham-Hotspur
Dane Scarlett,eng ENG,FW,21-293,1,0,3,0,0,0,0,0,0,0,Tottenham-Hotspur
Yusuf Akhamrich,eng ENG,FW,20-128,0,0,,,,,,,,,Tottenham-Hotspur
Brandon Austin,eng ENG,GK,27-003,0,0,,,,,,,,,Tottenham-Hotspur
Jun'ai Byfield,eng ENG,DF,17-036,0,0,,,,,,,,,Tottenham-Hotspur
Antonín Kinský,cz CZE,GK,22-304,0,0,,,,,,,,,Tottenham-Hotspur
Callum Olusesi,eng ENG,MF,18-359,0,0,,,,,,,,,Tottenham-Hotspur
James Rowswell,eng ENG,DF,19-182,0,0,,,,,,,,,Tottenham-Hotspur
Manor Solomon,il ISR,"FW,MF",26-171,0,0,,,,,,,,,Tottenham-Hotspur
Kōta Takai,jp JPN,DF,21-129,0,0,,,,,,,,,Tottenham-Hotspur
Luka Vušković,hr CRO,DF,18-321,0,0,,,,,,,,,Tottenham-Hotspur
Luca Williams Barnett,eng ENG,FW,17-102,0,0,,,,,,,,,Tottenham-Hotspur
Squad Total,,,25.9,21,231,1890,29,23,0,55,2,20.1,15.7,Tottenham-Hotspur
Opponent Total,,,26.7,21,231,1890,27,21,1,36,1,26.7,20.4,Tottenham-Hotspur
Jarrod Bowen,eng ENG,"FW,MF",29-022,21,21,1890,6,1,0,2,0,4.7,2,West-Ham-United
Lucas Paquetá,br BRA,"MF,FW",28-137,18,18,1511,4,1,2,7,1,2.8,2.3,West-Ham-United
Mateus Fernandes,pt POR,"MF,FW",21-185,19,18,1494,2,1,0,2,0,1,1.3,West-Ham-United
Max Kilman,eng ENG,DF,28-233,18,17,1534,0,0,0,4,0,0.6,0.3,West-Ham-United
Alphonse Areola,fr FRA,GK,32-318,17,17,1530,0,1,0,0,0,0,0,West-Ham-United
El Hadji Malick Diouf,sn SEN,DF,21-014,16,15,1387,0,3,0,3,0,0.4,0.8,West-Ham-United
Jean-Clair Todibo,fr FRA,DF,26-012,15,15,1250,0,1,0,4,0,0,0.3,West-Ham-United
Crysencio Summerville,nl NED,"FW,MF",24-073,16,14,1139,0,1,0,3,0,2,0.5,West-Ham-United
Konstantinos Mavropanos,gr GRE,DF,28-031,14,11,1093,0,0,0,2,0,0.7,0,West-Ham-United
Aaron Wan-Bissaka,cd COD,DF,28-046,12,11,1011,0,0,0,2,0,0,0.6,West-Ham-United
Freddie Potts,eng ENG,MF,22-121,16,10,972,0,1,0,1,0,0.2,1.1,West-Ham-United
Kyle Walker-Peters,eng ENG,DF,28-273,16,10,957,1,0,0,2,0,1.2,0.2,West-Ham-United
Soungoutou Magassa,fr FRA,MF,22-095,14,9,737,1,0,0,2,0,0.3,0.3,West-Ham-United
Callum Wilson,eng ENG,FW,33-318,17,8,811,4,1,0,0,0,3.6,0.2,West-Ham-United
Tomáš Souček,cz CZE,"MF,FW",30-318,18,7,726,2,0,0,0,1,2.5,0.1,West-Ham-United
Oliver Scarles,eng ENG,DF,20-030,7,7,464,0,0,0,0,0,0.2,0.3,West-Ham-United
James Ward-Prowse,eng ENG,MF,31-071,5,5,413,0,0,0,0,0,0.1,0.9,West-Ham-United
Niclas Füllkrug,de GER,FW,32-336,8,5,409,0,0,0,0,0,0.9,0.7,West-Ham-United
Mads Hermansen,dk DEN,GK,25-184,4,4,360,0,0,0,0,0,0,0,West-Ham-United
Nayef Aguerd,ma MAR,DF,29-287,2,2,180,0,0,0,0,0,0.1,0,West-Ham-United
Guido Rodríguez,ar ARG,MF,31-274,5,2,168,0,0,0,1,0,0,0,West-Ham-United
Andy Irving,sct SCO,MF,25-243,7,2,158,0,0,0,0,0,0,0.3,West-Ham-United
Luis Guilherme,br BRA,"FW,MF",19-336,5,1,125,0,0,0,0,0,0.1,0,West-Ham-United
Igor,br BRA,DF,27-338,4,1,105,0,0,0,0,0,0,0,West-Ham-United
Valentín Castellanos,ar ARG,FW,27-100,1,1,90,0,0,0,0,0,0.4,0.1,West-Ham-United
Ezra Mayers,bb BRB,DF,18-360,5,0,116,0,0,0,0,0,0.1,0.2,West-Ham-United
Callum Marshall,nir NIR,FW,21-044,2,0,60,0,0,0,0,0,0.1,0,West-Ham-United
Pablo,br BRA,MF,22-009,1,0,28,0,0,0,0,0,0,0,West-Ham-United
Mohamadou Kanté,fr FRA,"FW,MF",20-113,3,0,19,0,0,0,0,0,0,0.1,West-Ham-United
George Earthy,eng ENG,FW,21-128,1,0,9,0,0,0,0,0,0,0,West-Ham-United
Edson Álvarez,mx MEX,"DF,MF",28-079,0,0,,,,,,,,,West-Ham-United
Łukasz Fabiański,pl POL,GK,40-268,0,0,,,,,,,,,West-Ham-United
Airidas Golambeckis,eng ENG,DF,18-068,0,0,,,,,,,,,West-Ham-United
Squad Total,,,27,21,231,1890,20,11,2,35,2,21.5,12.8,West-Ham-United
Opponent Total,,,26.7,21,231,1890,42,25,5,35,0,35.6,22.1,West-Ham-United
João Gomes,br BRA,MF,24-333,20,18,1594,0,0,0,6,0,0.6,0.5,Wolverhampton-Wanderers
Ladislav Krejčí,cz CZE,"DF,MF",26-266,16,16,1389,2,1,0,2,0,2,0.8,Wolverhampton-Wanderers
André,br BRA,MF,24-179,20,15,1425,0,0,0,5,0,0.2,0.5,Wolverhampton-Wanderers
Jørgen Strand Larsen,no NOR,FW,25-339,19,14,1313,1,1,1,2,0,2.8,0.6,Wolverhampton-Wanderers
Jhon Arias,co COL,"FW,MF",28-112,20,13,1048,1,0,0,1,0,3.3,0.6,Wolverhampton-Wanderers
Hugo Bueno,es ESP,"DF,MF",23-115,18,12,1163,0,1,0,1,0,0.4,1.3,Wolverhampton-Wanderers
Sam Johnstone,eng ENG,GK,32-292,12,12,1080,0,0,0,0,0,0,0,Wolverhampton-Wanderers
Toti Gomes,pt POR,DF,26-360,13,12,949,0,0,0,2,1,0,0.2,Wolverhampton-Wanderers
Santiago Bueno,uy URU,DF,27-063,12,11,1025,2,0,0,2,0,1.6,0.1,Wolverhampton-Wanderers
Emmanuel Agbadou,ci CIV,DF,28-208,13,11,1011,0,0,0,1,1,0.5,0.2,Wolverhampton-Wanderers
Hwang Hee-chan,kr KOR,"FW,MF",29-350,16,11,882,2,1,1,3,0,2.1,0.8,Wolverhampton-Wanderers
Jackson Tchatchoua,cm CMR,"DF,MF",24-119,20,10,1110,0,0,0,2,0,0.3,1.3,Wolverhampton-Wanderers
Yerson Mosquera,co COL,DF,24-254,12,10,866,0,0,0,6,0,0.7,0.3,Wolverhampton-Wanderers
Marshall Munetsi,zw ZIM,"MF,FW",29-203,13,9,875,1,1,0,2,0,1.6,0.5,Wolverhampton-Wanderers
José Sá,pt POR,GK,32-359,9,9,810,0,0,0,1,0,0,0.1,Wolverhampton-Wanderers
Jean-Ricner Bellegarde,ht HAI,"MF,FW",27-198,14,9,689,1,0,0,1,0,0.8,0.4,Wolverhampton-Wanderers
David Møller Wolfe,no NOR,"DF,MF",23-263,14,8,707,0,2,0,1,0,0.1,1.6,Wolverhampton-Wanderers
Matt Doherty,ie IRL,DF,33-360,8,8,598,0,0,0,4,0,0.1,0.4,Wolverhampton-Wanderers
Tolu Arokodare,ng NGA,FW,25-049,17,7,673,1,0,0,1,0,1.5,0.6,Wolverhampton-Wanderers
Ki-Jana Hoever,nl NED,"DF,MF",23-358,8,6,425,0,0,0,0,0,0,0.5,Wolverhampton-Wanderers
Mateus Mane,pt POR,MF,18-117,10,4,452,2,1,0,0,0,0.6,0.2,Wolverhampton-Wanderers
Rodrigo Gomes,pt POR,"FW,DF",22-188,6,4,331,1,0,0,0,0,1,0.1,Wolverhampton-Wanderers
Fer López,es ESP,"MF,FW",21-232,9,2,235,0,1,0,1,0,0.2,0.7,Wolverhampton-Wanderers
Tawanda Chirewa,zw ZIM,"MF,FW",22-092,2,0,27,0,0,0,0,0,0,0,Wolverhampton-Wanderers
Sasa Kalajdzic,at AUT,FW,28-188,1,0,15,0,0,0,0,0,0,0,Wolverhampton-Wanderers
Pedro Lima,br BRA,MF,19-194,1,0,1,0,0,0,0,0,0,0,Wolverhampton-Wanderers
Daniel Bentley,eng ENG,GK,32-182,0,0,,,,,,,,,Wolverhampton-Wanderers
Enso Gonzalez,py PAR,FW,20-356,0,0,,,,,,,,,Wolverhampton-Wanderers
Temple Ojinnaka,it ITA,MF,20-287,0,0,,,,,,,,,Wolverhampton-Wanderers
Saheed Olagunju,ng NGA,DF,19-004,0,0,,,,,,,,,Wolverhampton-Wanderers
Alfie Pond,eng ENG,DF,21-316,0,0,,,,,,,,,Wolverhampton-Wanderers
Luke Rawlings,eng ENG,MF,17-282,0,0,,,,,,,,,Wolverhampton-Wanderers
Ethan Sutherland,sct SCO,FW,19-261,0,0,,,,,,,,,Wolverhampton-Wanderers
Squad Total,,,26.7,21,231,1890,14,9,2,44,2,19.8,12.2,Wolverhampton-Wanderers
Opponent Total,,,26.7,21,231,1890,37,30,1,30,2,28.9,24,Wolverhampton-Wanderers
